# wavelength (Angstrom), Flux (erg/cm2/s/Angstrom), Systematic wavelength error (Angstrom)
5.122150855275232971e+03 5.088148679080970634e-16 1.297940371619625832e+00
5.124565066014363765e+03 5.284181040286931804e-16 1.297940371619625832e+00
5.126979631541713388e+03 4.947522021640108292e-16 1.297940371619625832e+00
5.129394551720894924e+03 5.299656645697650272e-16 1.297940371619625832e+00
5.131809826415520547e+03 5.308978511834738817e-16 1.297940371619625832e+00
5.134225455489201522e+03 5.442935105974684332e-16 1.297940371619625832e+00
5.136641438805551843e+03 5.474075950604149063e-16 1.297940371619625832e+00
5.139057776228183684e+03 5.758958067629994177e-16 1.297940371619625832e+00
5.141474467620708310e+03 5.499119896377270012e-16 1.297940371619625832e+00
5.143891512846738806e+03 5.234553875069415541e-16 1.297940371619625832e+00
5.146308911769887345e+03 5.499200525649086196e-16 1.297940371619625832e+00
5.148726664253766103e+03 5.451423760734057806e-16 1.297940371619625832e+00
5.151144770161988163e+03 5.247154707925491276e-16 1.297940371619625832e+00
5.153563229358165700e+03 4.951956748597860187e-16 1.297940371619625832e+00
5.155982041705909978e+03 5.323801635018413740e-16 1.297940371619625832e+00
5.158401207068834083e+03 5.606483403590868729e-16 1.297940371619625832e+00
5.160820725310551097e+03 5.699138146444683071e-16 1.297940371619625832e+00
5.163240596294672287e+03 5.161304241391266349e-16 1.297940371619625832e+00
5.165660819884810735e+03 5.310298881358674397e-16 1.297940371619625832e+00
5.168081395944577707e+03 5.082994673063945947e-16 1.297940371619625832e+00
5.170502324337587197e+03 5.362760188460327082e-16 1.297940371619625832e+00
5.172923604927450469e+03 5.266922958428462721e-16 1.297940371619625832e+00
5.175345237577779699e+03 5.211426367459509765e-16 1.297940371619625832e+00
5.177767222152187969e+03 5.318036860024423434e-16 1.297940371619625832e+00
5.180189558514287455e+03 5.318071496099668336e-16 1.297940371619625832e+00
5.182612246527690331e+03 5.139592348739333350e-16 1.297940371619625832e+00
5.185035286056009681e+03 5.271437745200707646e-16 1.297940371619625832e+00
5.187458676962855861e+03 5.058866650091089092e-16 1.297940371619625832e+00
5.189882419111843774e+03 5.077218371207031133e-16 1.297940371619625832e+00
5.192306512366583775e+03 5.117939773723497365e-16 1.297940371619625832e+00
5.194730956590688947e+03 5.036017516250749802e-16 1.297940371619625832e+00
5.197155751647772377e+03 5.179377147723082254e-16 1.297940371619625832e+00
5.199580897401445327e+03 4.862586415054373865e-16 1.297940371619625832e+00
5.202006393715320883e+03 5.087767466933753769e-16 1.297940371619625832e+00
5.204432240453010309e+03 5.250563198995340951e-16 1.297940371619625832e+00
5.206858437478127598e+03 5.497391993794240121e-16 1.297940371619625832e+00
5.209284984654284017e+03 5.276397968580877767e-16 1.297940371619625832e+00
5.211711881845091739e+03 4.826391969586196858e-16 1.297940371619625832e+00
5.214139128914163848e+03 5.257424243478066797e-16 1.297940371619625832e+00
5.216566725725112519e+03 5.179977528934445208e-16 1.297940371619625832e+00
5.218994672141549927e+03 5.353305843945783019e-16 1.297940371619625832e+00
5.221422968027089155e+03 5.986405085708681359e-16 1.297940371619625832e+00
5.223851613245340559e+03 6.463628167813629017e-16 1.297940371619625832e+00
5.226280607659919042e+03 7.642991677416749997e-16 1.297940371619625832e+00
5.228709951134434959e+03 8.906295223539289195e-16 1.297940371619625832e+00
5.231139643532502305e+03 9.323442085685727513e-16 1.297940371619625832e+00
5.233569684717731434e+03 8.723930421005456931e-16 1.297940371619625832e+00
5.236000074553736340e+03 7.564340603685237731e-16 1.297940371619625832e+00
5.238430812904129198e+03 6.580734680953591717e-16 1.297940371619625832e+00
5.240861899632522181e+03 5.557493748721744799e-16 1.297940371619625832e+00
5.243293334602527466e+03 5.184502233464044949e-16 1.297940371619625832e+00
5.245725117677757225e+03 5.023212455229880756e-16 1.297940371619625832e+00
5.248157248721823635e+03 4.906567627450649262e-16 1.297940371619625832e+00
5.250589727598340687e+03 4.937337593992629472e-16 1.297940371619625832e+00
5.253022554170918738e+03 4.827380248047289131e-16 1.297940371619625832e+00
5.255455728303170872e+03 5.057906861045084658e-16 1.297940371619625832e+00
5.257889249858709263e+03 4.965985030461807622e-16 1.297940371619625832e+00
5.260323118701146996e+03 4.894282749676200822e-16 1.297940371619625832e+00
5.262757334694096244e+03 4.970754580801377885e-16 1.297940371619625832e+00
5.265191897701168273e+03 5.067967102449619912e-16 1.297940371619625832e+00
5.267626807585977076e+03 5.399191922375708779e-16 1.297940371619625832e+00
5.270062064212133919e+03 5.223088865218292449e-16 1.297940371619625832e+00
5.272497667443250975e+03 5.123737270506047770e-16 1.297940371619625832e+00
5.274933617142941330e+03 5.179260364249085479e-16 1.297940371619625832e+00
5.277369913174817157e+03 5.325279958631632835e-16 1.297940371619625832e+00
5.279806555402490631e+03 5.282377779099177511e-16 1.297940371619625832e+00
5.282243543689573926e+03 5.270520153675292971e-16 1.297940371619625832e+00
5.284680877899680127e+03 4.966505764725896167e-16 1.297940371619625832e+00
5.287118557896421407e+03 4.892612249813084958e-16 1.297940371619625832e+00
5.289556583543409033e+03 4.760890586407509325e-16 1.297940371619625832e+00
5.291994954704256088e+03 5.181766003140052863e-16 1.297940371619625832e+00
5.294433671242575656e+03 4.714281140447475185e-16 1.297940371619625832e+00
5.296872733021979002e+03 4.725801347400203918e-16 1.297940371619625832e+00
5.299312139906079210e+03 4.897923607042937207e-16 1.297940371619625832e+00
5.301751891758488455e+03 4.879917891297657659e-16 1.297940371619625832e+00
5.304191988442818911e+03 4.795923187093049789e-16 1.297940371619625832e+00
5.306632429822682752e+03 4.699724708169247025e-16 1.297940371619625832e+00
5.309073215761693064e+03 4.764887591952018408e-16 1.297940371619625832e+00
5.311514346123461110e+03 4.770779214663023403e-16 1.297940371619625832e+00
5.313955820771599974e+03 4.592284024205047720e-16 1.297940371619625832e+00
5.316397639569722742e+03 4.557880322521716711e-16 1.297940371619625832e+00
5.318839802381439767e+03 4.727657727599691710e-16 1.297940371619625832e+00
5.321282309070365045e+03 4.758256723997557699e-16 1.297940371619625832e+00
5.323725159500110749e+03 4.661883886466237054e-16 1.297940371619625832e+00
5.326168353534289054e+03 4.695748611247330972e-16 1.297940371619625832e+00
5.328611891036512134e+03 4.576914660836527831e-16 1.297940371619625832e+00
5.331055771870392164e+03 4.853086771232165954e-16 1.297940371619625832e+00
5.333499995899541318e+03 4.631164234086344186e-16 1.297940371619625832e+00
5.335944562987572681e+03 4.802723957292602698e-16 1.297940371619625832e+00
5.338389472998099336e+03 4.797144449618663134e-16 1.297940371619625832e+00
5.340834725794731639e+03 4.848353639405383590e-16 1.297940371619625832e+00
5.343280321241082675e+03 4.619348754671403578e-16 1.297940371619625832e+00
5.345726259200765526e+03 4.562746514348715919e-16 1.297940371619625832e+00
5.348172539537392367e+03 4.452632459594996728e-16 1.297940371619625832e+00
5.350619162114575374e+03 4.665148368329604964e-16 1.297940371619625832e+00
5.353066126795926721e+03 4.729638514802849604e-16 1.297940371619625832e+00
5.355513433445058581e+03 4.410713115730335086e-16 1.297940371619625832e+00
5.357961081925583130e+03 4.846214723440241589e-16 1.297940371619625832e+00
5.360409072101113452e+03 4.683590009815515849e-16 1.297940371619625832e+00
5.362857403835262630e+03 4.489276741009626435e-16 1.297940371619625832e+00
5.365306076991641021e+03 4.354531103604051442e-16 1.297940371619625832e+00
5.367755091433861708e+03 4.575167296878211990e-16 1.297940371619625832e+00
5.370204447025537775e+03 4.413574138398793694e-16 1.297940371619625832e+00
5.372654143630281396e+03 4.533600388078456198e-16 1.297940371619625832e+00
5.375104181111704747e+03 4.421967433534726678e-16 1.297940371619625832e+00
5.377554559333420002e+03 4.554850695276563512e-16 1.297940371619625832e+00
5.380005278159039335e+03 4.545732216625200396e-16 1.297940371619625832e+00
5.382456337452174921e+03 4.647593654971534531e-16 1.297940371619625832e+00
5.384907737076440753e+03 4.779298233803455877e-16 1.297940371619625832e+00
5.387359476895447187e+03 4.808629632412448144e-16 1.297940371619625832e+00
5.389811556772807307e+03 4.926834884360456007e-16 1.297940371619625832e+00
5.392263976572134197e+03 4.684483475991605565e-16 1.297940371619625832e+00
5.394716736157039122e+03 4.752837713905005798e-16 1.297940371619625832e+00
5.397169835391134256e+03 4.565051301965492166e-16 1.297940371619625832e+00
5.399623274138033594e+03 4.764223957353281352e-16 1.297940371619625832e+00
5.402077052261348399e+03 4.609231284174363900e-16 1.297940371619625832e+00
5.404531169624690847e+03 4.578627027352376470e-16 1.297940371619625832e+00
5.406985626091674021e+03 4.540302237790612049e-16 1.297940371619625832e+00
5.409440421525909187e+03 4.547666842720231796e-16 1.297940371619625832e+00
5.411895555791009429e+03 4.595068279660956313e-16 1.297940371619625832e+00
5.414351028750587830e+03 4.811760116525066030e-16 1.297940371619625832e+00
5.416806840268254746e+03 4.832899973791012588e-16 1.297940371619625832e+00
5.419262990207625080e+03 4.802136871064641097e-16 1.297940371619625832e+00
5.421719478432308279e+03 4.781732102143132456e-16 1.297940371619625832e+00
5.424176304805919244e+03 5.293142042672267587e-16 1.297940371619625832e+00
5.426633469192069242e+03 5.636968202757487450e-16 1.297940371619625832e+00
5.429090971454370447e+03 6.586488029176263971e-16 1.297940371619625832e+00
5.431548811456435942e+03 7.384748236044661739e-16 1.297940371619625832e+00
5.434006989061877903e+03 8.048341814157508595e-16 1.297940371619625832e+00
5.436465504134307594e+03 8.173950892644011354e-16 1.297940371619625832e+00
5.438924356537338099e+03 7.207594483888114576e-16 1.297940371619625832e+00
5.441383546134582502e+03 6.155665859972751810e-16 1.297940371619625832e+00
5.443843072789652979e+03 5.179716902650400127e-16 1.297940371619625832e+00
5.446302936366160793e+03 4.753190782949474297e-16 1.297940371619625832e+00
5.448763136727719029e+03 4.863183104058002955e-16 1.297940371619625832e+00
5.451223673737939862e+03 4.814899278486691971e-16 1.297940371619625832e+00
5.453684547260435465e+03 4.763367653814017799e-16 1.297940371619625832e+00
5.456145757158818924e+03 4.747701174941415247e-16 1.297940371619625832e+00
5.458607303296702412e+03 4.709676925193408581e-16 1.297940371619625832e+00
5.461069185537697194e+03 5.019393846246764879e-16 1.297940371619625832e+00
5.463531403745417265e+03 5.204530110585660952e-16 1.297940371619625832e+00
5.465993957783473888e+03 5.208931332745689127e-16 1.297940371619625832e+00
5.468456847515479240e+03 4.987035320095893864e-16 1.297940371619625832e+00
5.470920072805047312e+03 4.922883986692860702e-16 1.297940371619625832e+00
5.473383633515788460e+03 4.602187867928790210e-16 1.297940371619625832e+00
5.475847529511315770e+03 4.644170791760938448e-16 1.297940371619625832e+00
5.478311760655242324e+03 4.568539419871000915e-16 1.297940371619625832e+00
5.480776326811179388e+03 4.555964178216583317e-16 1.297940371619625832e+00
5.483241227842740045e+03 4.235218480980274550e-16 1.297940371619625832e+00
5.485706463613535561e+03 4.396786293171082371e-16 1.297940371619625832e+00
5.488172033987179930e+03 4.192097117454931634e-16 1.297940371619625832e+00
5.490637938827284415e+03 4.316547076471282421e-16 1.297940371619625832e+00
5.493104177997462102e+03 4.204430119644056339e-16 1.297940371619625832e+00
5.495570751361325165e+03 4.312287236423653442e-16 1.297940371619625832e+00
5.498037658782484868e+03 4.125891457378305001e-16 1.297940371619625832e+00
5.500504900124555206e+03 4.160870127455580210e-16 1.297940371619625832e+00
5.502972475251146534e+03 4.081432946756859304e-16 1.297940371619625832e+00
5.505440384025873755e+03 4.298820053133408565e-16 1.297940371619625832e+00
5.507908626312347224e+03 4.434228633518096314e-16 1.297940371619625832e+00
5.510377201974180025e+03 4.130583182886685296e-16 1.297940371619625832e+00
5.512846110874984333e+03 4.188505319817391865e-16 1.297940371619625832e+00
5.515315352878373233e+03 3.958871990652762196e-16 1.297940371619625832e+00
5.517784927847957078e+03 4.189727143352294163e-16 1.297940371619625832e+00
5.520254835647350774e+03 4.161081969874841204e-16 1.297940371619625832e+00
5.522725076140165584e+03 4.019269162862576923e-16 1.297940371619625832e+00
5.525195649190013683e+03 4.006571818382204459e-16 1.297940371619625832e+00
5.527666554660507245e+03 4.114829255642597796e-16 1.297940371619625832e+00
5.530137792415259355e+03 4.062947773540001075e-16 1.297940371619625832e+00
5.532609362317881278e+03 3.992621983030173614e-16 1.297940371619625832e+00
5.535081264231986097e+03 3.985946423024249413e-16 1.297940371619625832e+00
5.537553498021186897e+03 4.008504654644729791e-16 1.297940371619625832e+00
5.540026063549094943e+03 3.963469539742390643e-16 1.297940371619625832e+00
5.542498960679322408e+03 4.192823375476877308e-16 1.297940371619625832e+00
5.544972189275482378e+03 3.884635903118934644e-16 1.297940371619625832e+00
5.547445749201187027e+03 4.219608057331780345e-16 1.297940371619625832e+00
5.549919640320048529e+03 4.236964897845826001e-16 1.297940371619625832e+00
5.552393862495679969e+03 4.191599521053543362e-16 1.297940371619625832e+00
5.554868415591692610e+03 4.105224429011668977e-16 1.297940371619625832e+00
5.557343299471699538e+03 4.237111608839623516e-16 1.297940371619625832e+00
5.559818513999312017e+03 4.095537475058564882e-16 1.297940371619625832e+00
5.562294059038144042e+03 4.469631414269948436e-16 1.297940371619625832e+00
5.564769934451806876e+03 4.544016406387379618e-16 1.297940371619625832e+00
5.567246140103913604e+03 4.551360904699439163e-16 1.297940371619625832e+00
5.569722675858075490e+03 4.526841028105245863e-16 1.297940371619625832e+00
5.572199541577906530e+03 5.044560458298267863e-16 1.297940371619625832e+00
5.574676737127017077e+03 5.527202059350591150e-16 1.297940371619625832e+00
5.577154262369021126e+03 5.863949913444665250e-16 1.297940371619625832e+00
5.579632117167530851e+03 5.429547260710666392e-16 1.297940371619625832e+00
5.582110301386157516e+03 5.424143381361492475e-16 1.297940371619625832e+00
5.584588814888514207e+03 4.776541326279569135e-16 1.297940371619625832e+00
5.587067657538213098e+03 4.290370789020102418e-16 1.297940371619625832e+00
5.589546829198867272e+03 4.145533914357117924e-16 1.297940371619625832e+00
5.592026329734087994e+03 4.071159837387741446e-16 1.297940371619625832e+00
5.594506159007488350e+03 4.105041873816180598e-16 1.297940371619625832e+00
5.596986316882680512e+03 4.118330727200862440e-16 1.297940371619625832e+00
5.599466803223276656e+03 4.150818840704037828e-16 1.297940371619625832e+00
5.601947617892888957e+03 4.024089162989006130e-16 1.297940371619625832e+00
5.604428760755130497e+03 3.939855805809618650e-16 1.297940371619625832e+00
5.606910231673613453e+03 4.076535185815389362e-16 1.297940371619625832e+00
5.609392030511949088e+03 3.944296229735073002e-16 1.297940371619625832e+00
5.611874157133751396e+03 4.008492714299391021e-16 1.297940371619625832e+00
5.614356611402631643e+03 3.950151129664260402e-16 1.297940371619625832e+00
5.616839393182202912e+03 3.865526115858303769e-16 1.297940371619625832e+00
5.619322502336076468e+03 3.906151405704239029e-16 1.297940371619625832e+00
5.621805938727865396e+03 3.778679226074958511e-16 1.297940371619625832e+00
5.624289702221182779e+03 3.822574361272008739e-16 1.297940371619625832e+00
5.626773792679638973e+03 3.940861002283978844e-16 1.297940371619625832e+00
5.629258209966848881e+03 3.953623349688873286e-16 1.297940371619625832e+00
5.631742953946422858e+03 3.925765890930380718e-16 1.297940371619625832e+00
5.634228024481973989e+03 4.032208808408429556e-16 1.297940371619625832e+00
5.636713421437114448e+03 4.036162390806741975e-16 1.297940371619625832e+00
5.639199144675457319e+03 3.824617582945099733e-16 1.297940371619625832e+00
5.641685194060613867e+03 3.836832834015359350e-16 1.297940371619625832e+00
5.644171569456197176e+03 3.980450082126753232e-16 1.297940371619625832e+00
5.646658270725819420e+03 3.834048482147388866e-16 1.297940371619625832e+00
5.649145297733092775e+03 3.955399636157137569e-16 1.297940371619625832e+00
5.651632650341629414e+03 3.914180311458901487e-16 1.297940371619625832e+00
5.654120328415042422e+03 3.849543350059078602e-16 1.297940371619625832e+00
5.656608331816943974e+03 3.993255089330019669e-16 1.297940371619625832e+00
5.659096660410945333e+03 3.819004306794762439e-16 1.297940371619625832e+00
5.661585314060660494e+03 3.907180879314746367e-16 1.297940371619625832e+00
5.664074292629700722e+03 3.803666099953876042e-16 1.297940371619625832e+00
5.666563595981679100e+03 3.850508151846367567e-16 1.297940371619625832e+00
5.669053223980206894e+03 3.863239654378565159e-16 1.297940371619625832e+00
5.671543176488898098e+03 3.684320597095520418e-16 1.297940371619625832e+00
5.674033453371363066e+03 3.831551752664853775e-16 1.297940371619625832e+00
5.676524054491215793e+03 3.857611509014323138e-16 1.297940371619625832e+00
5.679014979712068452e+03 3.809242008685845375e-16 1.297940371619625832e+00
5.681506228897532310e+03 3.658836176916548719e-16 1.297940371619625832e+00
5.683997801911220449e+03 3.884400541787224799e-16 1.297940371619625832e+00
5.686489698616745954e+03 3.735284624515656247e-16 1.297940371619625832e+00
5.688981918877719181e+03 3.647993935134959923e-16 1.297940371619625832e+00
5.691474462557755032e+03 3.731127814429451268e-16 1.297940371619625832e+00
5.693967329520463863e+03 3.741741446622427615e-16 1.297940371619625832e+00
5.696460519629458759e+03 3.775838910072243129e-16 1.297940371619625832e+00
5.698954032748351892e+03 3.734088117956274823e-16 1.297940371619625832e+00
5.701447868740755439e+03 3.651832849640548132e-16 1.297940371619625832e+00
5.703942027470283392e+03 3.725961260224501504e-16 1.297940371619625832e+00
5.706436508800545198e+03 3.790113953280361865e-16 1.297940371619625832e+00
5.708931312595155759e+03 3.747295623261073546e-16 1.297940371619625832e+00
5.711426438717726342e+03 3.733663257353494247e-16 1.297940371619625832e+00
5.713921887031870028e+03 3.810527879874155487e-16 1.297940371619625832e+00
5.716417657401198085e+03 3.974940291811014807e-16 1.297940371619625832e+00
5.718913749689323595e+03 3.991225487285812428e-16 1.297940371619625832e+00
5.721410163759857824e+03 4.110503904080408398e-16 1.297940371619625832e+00
5.723906899476414765e+03 4.103994320321899787e-16 1.297940371619625832e+00
5.726403956702605683e+03 4.000675531156873564e-16 1.297940371619625832e+00
5.728901335302043663e+03 3.957434554025373459e-16 1.297940371619625832e+00
5.731399035138340878e+03 3.815124130849144968e-16 1.297940371619625832e+00
5.733897056075108594e+03 3.841824370412699563e-16 1.297940371619625832e+00
5.736395397975960805e+03 3.846103352411765126e-16 1.297940371619625832e+00
5.738894060704508775e+03 3.834704333100353303e-16 1.297940371619625832e+00
5.741393044124365588e+03 3.897566424861037318e-16 1.297940371619625832e+00
5.743892348099142509e+03 3.740004712404416456e-16 1.297940371619625832e+00
5.746391972492453533e+03 3.854506197532335789e-16 1.297940371619625832e+00
5.748891917167909014e+03 3.719529267561603478e-16 1.297940371619625832e+00
5.751392181989122946e+03 3.857484657095888023e-16 1.297940371619625832e+00
5.753892766819707504e+03 3.786887946334612200e-16 1.297940371619625832e+00
5.756393671523273952e+03 3.814896901307212227e-16 1.297940371619625832e+00
5.758894895963435374e+03 3.934874083900344202e-16 1.297940371619625832e+00
5.761396440003804855e+03 4.170193231557194699e-16 1.297940371619625832e+00
5.763898303507993660e+03 4.329090593095906510e-16 1.297940371619625832e+00
5.766400486339613963e+03 4.380453359924624933e-16 1.297940371619625832e+00
5.768902988362278847e+03 4.448857549617183476e-16 1.297940371619625832e+00
5.771405809439600489e+03 4.344414562619154473e-16 1.297940371619625832e+00
5.773908949435191971e+03 4.043048981262979109e-16 1.297940371619625832e+00
5.776412408212663649e+03 3.741016375534053466e-16 1.297940371619625832e+00
5.778916185635630427e+03 3.667012588274196405e-16 1.297940371619625832e+00
5.781420281567702659e+03 3.724461543146496950e-16 1.297940371619625832e+00
5.783924695872493430e+03 3.702058372776340782e-16 1.297940371619625832e+00
5.786429428413614914e+03 3.598329270593008211e-16 1.297940371619625832e+00
5.788934479054680196e+03 3.580254735060691688e-16 1.297940371619625832e+00
5.791439847659300540e+03 3.651883300356825737e-16 1.297940371619625832e+00
5.793945534091089030e+03 3.653030494483497986e-16 1.297940371619625832e+00
5.796451538213657841e+03 3.700370768506715075e-16 1.297940371619625832e+00
5.798957859890619147e+03 3.521946979308716869e-16 1.297940371619625832e+00
5.801464498985586033e+03 3.501666858885329714e-16 1.297940371619625832e+00
5.803971455362169763e+03 3.537268455053315825e-16 1.297940371619625832e+00
5.806478728883983422e+03 3.411010733420483875e-16 1.297940371619625832e+00
5.808986319414639183e+03 3.485300984986509664e-16 1.297940371619625832e+00
5.811494226817749222e+03 3.451726209892442143e-16 1.297940371619625832e+00
5.814002450956925713e+03 3.431791915479703997e-16 1.297940371619625832e+00
5.816510991695782650e+03 3.457881116919650799e-16 1.297940371619625832e+00
5.819019848897929478e+03 3.527550032244345853e-16 1.297940371619625832e+00
5.821529022426981101e+03 3.478794176961029334e-16 1.297940371619625832e+00
5.824038512146548783e+03 3.324996277058245064e-16 1.297940371619625832e+00
5.826548317920245609e+03 3.414372367845229662e-16 1.297940371619625832e+00
5.829058439611682843e+03 3.452806970678769198e-16 1.297940371619625832e+00
5.831568877084472660e+03 3.459044936526915318e-16 1.297940371619625832e+00
5.834079630202229055e+03 3.395225297344165468e-16 1.297940371619625832e+00
5.836590698828563291e+03 3.422044293578161052e-16 1.297940371619625832e+00
5.839102082827088452e+03 3.453527910530146984e-16 1.297940371619625832e+00
5.841613782061414895e+03 3.279677822733649334e-16 1.297940371619625832e+00
5.844125796395157522e+03 3.419459870337365612e-16 1.297940371619625832e+00
5.846638125691927598e+03 3.334551566217811550e-16 1.297940371619625832e+00
5.849150769815337298e+03 3.367940977533444524e-16 1.297940371619625832e+00
5.851663728628998797e+03 3.493795776055693565e-16 1.297940371619625832e+00
5.854177001996525178e+03 3.385145140843225334e-16 1.297940371619625832e+00
5.856690589781528615e+03 3.389354332304828073e-16 1.297940371619625832e+00
5.859204491847621284e+03 3.286912763158819546e-16 1.297940371619625832e+00
5.861718708058415359e+03 3.323970627094837133e-16 1.297940371619625832e+00
5.864233238277523014e+03 3.359243575297695871e-16 1.297940371619625832e+00
5.866748082368557334e+03 3.473324917026531312e-16 1.297940371619625832e+00
5.869263240195130493e+03 3.229398314318846597e-16 1.297940371619625832e+00
5.871778711620853755e+03 3.348871301493315455e-16 1.297940371619625832e+00
5.874294496509341116e+03 3.335989072971568791e-16 1.297940371619625832e+00
5.876810594724203838e+03 3.363489678502261103e-16 1.297940371619625832e+00
5.879327006129055007e+03 3.344980114800772737e-16 1.297940371619625832e+00
5.881843730587506798e+03 3.263646567461251170e-16 1.297940371619625832e+00
5.884360767963171384e+03 3.263170874640062758e-16 1.297940371619625832e+00
5.886878118119660940e+03 3.222975657626189302e-16 1.297940371619625832e+00
5.889395780920587640e+03 3.327351337421839145e-16 1.297940371619625832e+00
5.891913756229564569e+03 3.060080149688578216e-16 1.297940371619625832e+00
5.894432043910202992e+03 3.183835168521803902e-16 1.297940371619625832e+00
5.896950643826116902e+03 3.266281321758902705e-16 1.297940371619625832e+00
5.899469555840917565e+03 3.245078322877135538e-16 1.297940371619625832e+00
5.901988779818217154e+03 3.211001515274771925e-16 1.297940371619625832e+00
5.904508315621628753e+03 3.214516663271268547e-16 1.297940371619625832e+00
5.907028163114764538e+03 3.173410680338587092e-16 1.297940371619625832e+00
5.909548322161236683e+03 3.096665601242926176e-16 1.297940371619625832e+00
5.912068792624657362e+03 3.158361351307417895e-16 1.297940371619625832e+00
5.914589574368638750e+03 3.213623402038892680e-16 1.297940371619625832e+00
5.917110667256793931e+03 3.160052878303418070e-16 1.297940371619625832e+00
5.919632071152735080e+03 3.212623545411748199e-16 1.297940371619625832e+00
5.922153785920073460e+03 3.129911816483941020e-16 1.297940371619625832e+00
5.924675811422423067e+03 3.095412353927878187e-16 1.297940371619625832e+00
5.927198147523396074e+03 3.122826249659023637e-16 1.297940371619625832e+00
5.929720794086603746e+03 3.179574722180057986e-16 1.297940371619625832e+00
5.932243750975658259e+03 3.008686476506552189e-16 1.297940371619625832e+00
5.934767018054173604e+03 3.225532079374819938e-16 1.297940371619625832e+00
5.937290595185761049e+03 3.305648253643662341e-16 1.297940371619625832e+00
5.939814482234033676e+03 3.200731177127506814e-16 1.297940371619625832e+00
5.942338679062602750e+03 3.161962635212195624e-16 1.297940371619625832e+00
5.944863185535081357e+03 3.065821484184767197e-16 1.297940371619625832e+00
5.947388001515080759e+03 3.302778662028437235e-16 1.297940371619625832e+00
5.949913126866214952e+03 3.174132315405254655e-16 1.297940371619625832e+00
5.952438561452096110e+03 3.140215933339940357e-16 1.297940371619625832e+00
5.954964305136335497e+03 3.177185909748401599e-16 1.297940371619625832e+00
5.957490357782546198e+03 3.152873329153021627e-16 1.297940371619625832e+00
5.960016719254340387e+03 3.124368149595953197e-16 1.297940371619625832e+00
5.962543389415330239e+03 3.160722747983029700e-16 1.297940371619625832e+00
5.965070368129127928e+03 3.189695631320724477e-16 1.297940371619625832e+00
5.967597655259346539e+03 3.283889810927460350e-16 1.297940371619625832e+00
5.970125250669598245e+03 3.329466210169397561e-16 1.297940371619625832e+00
5.972653154223495221e+03 3.333719735281599098e-16 1.297940371619625832e+00
5.975181365784650552e+03 3.273240717326820166e-16 1.297940371619625832e+00
5.977709885216674593e+03 3.341773235512422326e-16 1.297940371619625832e+00
5.980238712383181337e+03 3.254211462107684299e-16 1.297940371619625832e+00
5.982767847147782959e+03 3.285036258752468950e-16 1.297940371619625832e+00
5.985297289374092543e+03 3.152335824078645888e-16 1.297940371619625832e+00
5.987827038925720444e+03 3.202203090245362153e-16 1.297940371619625832e+00
5.990357095666280657e+03 3.159518828695413416e-16 1.297940371619625832e+00
5.992887459459384445e+03 3.102322831509600293e-16 1.297940371619625832e+00
5.995418130168644893e+03 3.245993690118598179e-16 1.297940371619625832e+00
5.997949107657674176e+03 3.264598344704722006e-16 1.297940371619625832e+00
6.000480391790084468e+03 3.146807481356736144e-16 1.297940371619625832e+00
6.003011982429488853e+03 3.181493761231080420e-16 1.297940371619625832e+00
6.005543879439499506e+03 3.256568706809442620e-16 1.297940371619625832e+00
6.008076082683727691e+03 3.249007247157489430e-16 1.297940371619625832e+00
6.010608592025786493e+03 3.350274112846081321e-16 1.297940371619625832e+00
6.013141407329288995e+03 3.259146196001473229e-16 1.297940371619625832e+00
6.015674528457846463e+03 3.265971789940712341e-16 1.297940371619625832e+00
6.018207955275071072e+03 3.305459058748921179e-16 1.297940371619625832e+00
6.020741687644576814e+03 3.310226092728983014e-16 1.297940371619625832e+00
6.023275725429974045e+03 3.274788852914437760e-16 1.297940371619625832e+00
6.025810068494876759e+03 3.346457079604219296e-16 1.297940371619625832e+00
6.028344716702896221e+03 3.190965591714398437e-16 1.297940371619625832e+00
6.030879669917644605e+03 3.168804158549355574e-16 1.297940371619625832e+00
6.033414928002735905e+03 3.371118919611132138e-16 1.297940371619625832e+00
6.035950490821780477e+03 3.277764546069225135e-16 1.297940371619625832e+00
6.038486358238392313e+03 3.322069341352850780e-16 1.297940371619625832e+00
6.041022530116182679e+03 3.219577994391597449e-16 1.297940371619625832e+00
6.043559006318764659e+03 3.298601151981170212e-16 1.297940371619625832e+00
6.046095786709750428e+03 3.217843022883322887e-16 1.297940371619625832e+00
6.048632871152751250e+03 3.275195936536626490e-16 1.297940371619625832e+00
6.051170259511382028e+03 3.203915760908293932e-16 1.297940371619625832e+00
6.053707951649252209e+03 3.400522591918375035e-16 1.297940371619625832e+00
6.056245947429975786e+03 3.370923813327626379e-16 1.297940371619625832e+00
6.058784246717164933e+03 3.280101127056810929e-16 1.297940371619625832e+00
6.061322849374430916e+03 3.333076593517598263e-16 1.297940371619625832e+00
6.063861755265388638e+03 3.288382036597252852e-16 1.297940371619625832e+00
6.066400964253647544e+03 3.371269217244762472e-16 1.297940371619625832e+00
6.068940476202821628e+03 3.478385224948117779e-16 1.297940371619625832e+00
6.071480290976523065e+03 3.522412287027701148e-16 1.297940371619625832e+00
6.074020408438364029e+03 3.455374630051932817e-16 1.297940371619625832e+00
6.076560828451956695e+03 3.684768153937805354e-16 1.297940371619625832e+00
6.079101550880914147e+03 3.611836712711801398e-16 1.297940371619625832e+00
6.081642575588847649e+03 3.530236671796185851e-16 1.297940371619625832e+00
6.084183902439370286e+03 3.654291306348593439e-16 1.297940371619625832e+00
6.086725531296095141e+03 3.637130383175249974e-16 1.297940371619625832e+00
6.089267462022632571e+03 3.779636392295258329e-16 1.297940371619625832e+00
6.091809694482596569e+03 3.818351794777082486e-16 1.297940371619625832e+00
6.094352228539599309e+03 3.931480202148332022e-16 1.297940371619625832e+00
6.096895064057252057e+03 4.057014444939523869e-16 1.297940371619625832e+00
6.099438200899167896e+03 4.433004321307151751e-16 1.297940371619625832e+00
6.101981638928959910e+03 4.911602700098696640e-16 1.297940371619625832e+00
6.104525378010239365e+03 5.185166224973489435e-16 1.297940371619625832e+00
6.107069418006619344e+03 5.101809883238037543e-16 1.297940371619625832e+00
6.109613758781711113e+03 4.721714936533331484e-16 1.297940371619625832e+00
6.112158400199128664e+03 4.302273093664552884e-16 1.297940371619625832e+00
6.114703342122483264e+03 4.190625148815851647e-16 1.297940371619625832e+00
6.117248584415387086e+03 4.015404709995965932e-16 1.297940371619625832e+00
6.119794126941453214e+03 3.899182491832050400e-16 1.297940371619625832e+00
6.122339969564293824e+03 4.082237568899762472e-16 1.297940371619625832e+00
6.124886112147520180e+03 4.060346596834906264e-16 1.297940371619625832e+00
6.127432554554747185e+03 4.186939797209068087e-16 1.297940371619625832e+00
6.129979296649584285e+03 4.472337021497440776e-16 1.297940371619625832e+00
6.132526338295645473e+03 4.822368484164502803e-16 1.297940371619625832e+00
6.135073679356542925e+03 5.222907316882047576e-16 1.297940371619625832e+00
6.137621319695888815e+03 5.299728408904776211e-16 1.297940371619625832e+00
6.140169259177295316e+03 4.873112981591878386e-16 1.297940371619625832e+00
6.142717497664375514e+03 4.474534651727396046e-16 1.297940371619625832e+00
6.145266035020741583e+03 3.970417998164754647e-16 1.297940371619625832e+00
6.147814871110004788e+03 3.801557749297437224e-16 1.297940371619625832e+00
6.150364005795778212e+03 3.644482344947505725e-16 1.297940371619625832e+00
6.152913438941674940e+03 3.504912298710635221e-16 1.297940371619625832e+00
6.155463170411306237e+03 3.384834748503774377e-16 1.297940371619625832e+00
6.158013200068284277e+03 3.333147025108228541e-16 1.297940371619625832e+00
6.160563527776223054e+03 3.289725692038407310e-16 1.297940371619625832e+00
6.163114153398732924e+03 3.202136679980406381e-16 1.297940371619625832e+00
6.165665076799427879e+03 3.226920102245097215e-16 1.297940371619625832e+00
6.168216297841919186e+03 3.147716550947475026e-16 1.297940371619625832e+00
6.170767816389819927e+03 3.101389072389389042e-16 1.297940371619625832e+00
6.173319632306742278e+03 3.089055263085984530e-16 1.297940371619625832e+00
6.175871745456298413e+03 3.271417970069809642e-16 1.297940371619625832e+00
6.178424155702100506e+03 3.112298839894521723e-16 1.297940371619625832e+00
6.180976862907760733e+03 3.133908027859096719e-16 1.297940371619625832e+00
6.183529866936893086e+03 3.178659391299336718e-16 1.297940371619625832e+00
6.186083167653107012e+03 3.205053816582186062e-16 1.297940371619625832e+00
6.188636764920018322e+03 3.217206195905540892e-16 1.297940371619625832e+00
6.191190658601236464e+03 3.116698313122774374e-16 1.297940371619625832e+00
6.193744848560374521e+03 3.123232111575035230e-16 1.297940371619625832e+00
6.196299334661046487e+03 3.144321196147093651e-16 1.297940371619625832e+00
6.198854116766862717e+03 3.081161143251468750e-16 1.297940371619625832e+00
6.201409194741437204e+03 2.992959809876118821e-16 1.297940371619625832e+00
6.203964568448380305e+03 3.037926097421167607e-16 1.297940371619625832e+00
6.206520237751306922e+03 3.060348276733129712e-16 1.297940371619625832e+00
6.209076202513826502e+03 3.114125613844135147e-16 1.297940371619625832e+00
6.211632462599553946e+03 3.038459236482564097e-16 1.297940371619625832e+00
6.214189017872100521e+03 3.209395046565400051e-16 1.297940371619625832e+00
6.216745868195077492e+03 3.036472810035790424e-16 1.297940371619625832e+00
6.219303013432099760e+03 3.073918658057261705e-16 1.297940371619625832e+00
6.221860453446777683e+03 3.045072805997995805e-16 1.297940371619625832e+00
6.224418188102724343e+03 3.029383615121340388e-16 1.297940371619625832e+00
6.226976217263551916e+03 2.974610981961637884e-16 1.297940371619625832e+00
6.229534540792872576e+03 2.976201186550357614e-16 1.297940371619625832e+00
6.232093158554299407e+03 2.892908232187467635e-16 1.297940371619625832e+00
6.234652070411443674e+03 2.994497997385758358e-16 1.297940371619625832e+00
6.237211276227918461e+03 3.050487398112605683e-16 1.297940371619625832e+00
6.239770775867336852e+03 2.946606882506376501e-16 1.297940371619625832e+00
6.242330569193309202e+03 3.061675018716906885e-16 1.297940371619625832e+00
6.244890656069449506e+03 3.026365114175601306e-16 1.297940371619625832e+00
6.247451036359369937e+03 2.949610345676096845e-16 1.297940371619625832e+00
6.250011709926682670e+03 3.088244515664444467e-16 1.297940371619625832e+00
6.252572676634998970e+03 2.978967675518039624e-16 1.297940371619625832e+00
6.255133936347932831e+03 2.943752814042963855e-16 1.297940371619625832e+00
6.257695488929095518e+03 3.016311872860808074e-16 1.297940371619625832e+00
6.260257334242100114e+03 3.041183448295601443e-16 1.297940371619625832e+00
6.262819472150558795e+03 2.960820249000014785e-16 1.297940371619625832e+00
6.265381902518083734e+03 2.814461851063228843e-16 1.297940371619625832e+00
6.267944625208287107e+03 2.891387359802693083e-16 1.297940371619625832e+00
6.270507640084782906e+03 2.924659737982327629e-16 1.297940371619625832e+00
6.273070947011180579e+03 2.812411899979732617e-16 1.297940371619625832e+00
6.275634545851094117e+03 2.872246869520553961e-16 1.297940371619625832e+00
6.278198436468135696e+03 2.730197870238218007e-16 1.297940371619625832e+00
6.280762618725918401e+03 2.679072357228246722e-16 1.297940371619625832e+00
6.283327092488053495e+03 2.759039858321948382e-16 1.297940371619625832e+00
6.285891857618154063e+03 2.876140484696425461e-16 1.297940371619625832e+00
6.288456913979831370e+03 2.938688246486345441e-16 1.297940371619625832e+00
6.291022261436699409e+03 2.813398688264064799e-16 1.297940371619625832e+00
6.293587899852369446e+03 2.871449130537290507e-16 1.297940371619625832e+00
6.296153829090453655e+03 2.912615259018695639e-16 1.297940371619625832e+00
6.298720049014566030e+03 2.761498764717173774e-16 1.297940371619625832e+00
6.301286559488316925e+03 2.748936990151979679e-16 1.297940371619625832e+00
6.303853360375319426e+03 2.946190866715515002e-16 1.297940371619625832e+00
6.306420451539185706e+03 2.850031642206474508e-16 1.297940371619625832e+00
6.308987832843528849e+03 2.859789236429037614e-16 1.297940371619625832e+00
6.311555504151961031e+03 2.890175815410482118e-16 1.297940371619625832e+00
6.314123465328093516e+03 2.901100119398300609e-16 1.297940371619625832e+00
6.316691716235540298e+03 2.933656923646471067e-16 1.297940371619625832e+00
6.319260256737912641e+03 2.883281988662898536e-16 1.297940371619625832e+00
6.321829086698822721e+03 2.963418290668461457e-16 1.297940371619625832e+00
6.324398205981882711e+03 2.800336948442387358e-16 1.297940371619625832e+00
6.326967614450706606e+03 2.908638352584753113e-16 1.297940371619625832e+00
6.329537311968905669e+03 3.004630752287150278e-16 1.297940371619625832e+00
6.332107298400092986e+03 2.811239658938762349e-16 1.297940371619625832e+00
6.334677573607878912e+03 2.872365180694396341e-16 1.297940371619625832e+00
6.337248137455877441e+03 2.915512440164092212e-16 1.297940371619625832e+00
6.339818989807701655e+03 2.793013639030499350e-16 1.297940371619625832e+00
6.342390130526961912e+03 2.874026497298913263e-16 1.297940371619625832e+00
6.344961559477272203e+03 2.744767552565022329e-16 1.297940371619625832e+00
6.347533276522243796e+03 2.836205945618770101e-16 1.297940371619625832e+00
6.350105281525489772e+03 2.823183809884709812e-16 1.297940371619625832e+00
6.352677574350621398e+03 2.904422640083696256e-16 1.297940371619625832e+00
6.355250154861252668e+03 2.827564081083812540e-16 1.297940371619625832e+00
6.357823022920994845e+03 2.901673666336434902e-16 1.297940371619625832e+00
6.360396178393461014e+03 2.804301498382087953e-16 1.297940371619625832e+00
6.362969621142262440e+03 2.853100607894742787e-16 1.297940371619625832e+00
6.365543351031012207e+03 2.784395598748396490e-16 1.297940371619625832e+00
6.368117367923322490e+03 2.900745549816504212e-16 1.297940371619625832e+00
6.370691671682805463e+03 2.920215035760736097e-16 1.297940371619625832e+00
6.373266262173074210e+03 2.810314397956124406e-16 1.297940371619625832e+00
6.375841139257740906e+03 2.874224807882147705e-16 1.297940371619625832e+00
6.378416302800417725e+03 2.862370687789847495e-16 1.297940371619625832e+00
6.380991752664715932e+03 2.848704275216227802e-16 1.297940371619625832e+00
6.383567488714249521e+03 2.830350198141187026e-16 1.297940371619625832e+00
6.386143510812630666e+03 2.906887820289011603e-16 1.297940371619625832e+00
6.388719818823470632e+03 2.852698122741160234e-16 1.297940371619625832e+00
6.391296412610382504e+03 2.847331734897517942e-16 1.297940371619625832e+00
6.393873292036978455e+03 2.808998730694740156e-16 1.297940371619625832e+00
6.396450456966870661e+03 2.800667599065241980e-16 1.297940371619625832e+00
6.399027907263673114e+03 2.847672258426518979e-16 1.297940371619625832e+00
6.401605642790995262e+03 2.807838244666691384e-16 1.297940371619625832e+00
6.404183663412451097e+03 2.787298526074833555e-16 1.297940371619625832e+00
6.406761968991653703e+03 2.764673589233706395e-16 1.297940371619625832e+00
6.409340559392214345e+03 2.850837877690913985e-16 1.297940371619625832e+00
6.411919434477745199e+03 2.877439359968433918e-16 1.297940371619625832e+00
6.414498594111859347e+03 2.932730050019750928e-16 1.297940371619625832e+00
6.417078038158168965e+03 2.857385528351391729e-16 1.297940371619625832e+00
6.419657766480286227e+03 2.940775228315109467e-16 1.297940371619625832e+00
6.422237778941824217e+03 2.847497894052751314e-16 1.297940371619625832e+00
6.424818075406394200e+03 2.832260824068689399e-16 1.297940371619625832e+00
6.427398655737608351e+03 2.789298317254870537e-16 1.297940371619625832e+00
6.429979519799080663e+03 2.819105872446932758e-16 1.297940371619625832e+00
6.432560667454421491e+03 2.849569770031302412e-16 1.297940371619625832e+00
6.435142098567244830e+03 2.728774815408937098e-16 1.297940371619625832e+00
6.437723813001162853e+03 2.797933408260031852e-16 1.297940371619625832e+00
6.440305810619786826e+03 2.795032524876059223e-16 1.297940371619625832e+00
6.442888091286729832e+03 2.780341435595388006e-16 1.297940371619625832e+00
6.445470654865604047e+03 2.771969710214553610e-16 1.297940371619625832e+00
6.448053501220021644e+03 2.841709337150296189e-16 1.297940371619625832e+00
6.450636630213595708e+03 2.717896723878737116e-16 1.297940371619625832e+00
6.453220041709938414e+03 2.777635905683550988e-16 1.297940371619625832e+00
6.455803735572661026e+03 2.833077344822409328e-16 1.297940371619625832e+00
6.458387711665377537e+03 2.710217872754256849e-16 1.297940371619625832e+00
6.460971969851699214e+03 2.773527582625238540e-16 1.297940371619625832e+00
6.463556509995238230e+03 2.803135682548142225e-16 1.297940371619625832e+00
6.466141331959608578e+03 2.743147911471748303e-16 1.297940371619625832e+00
6.468726435608419706e+03 2.778938081986856926e-16 1.297940371619625832e+00
6.471311820805287425e+03 2.804654455601440288e-16 1.297940371619625832e+00
6.473897487413821182e+03 2.785533642472841550e-16 1.297940371619625832e+00
6.476483435297634969e+03 2.750292183020614542e-16 1.297940371619625832e+00
6.479069664320340962e+03 2.742814242768144094e-16 1.297940371619625832e+00
6.481656174345550426e+03 2.729457771268734253e-16 1.297940371619625832e+00
6.484242965236877353e+03 2.771177400257990720e-16 1.297940371619625832e+00
6.486830036857933010e+03 2.810196112291996113e-16 1.297940371619625832e+00
6.489417389072329570e+03 2.691325027533454802e-16 1.297940371619625832e+00
6.492005021743681027e+03 2.730928796574460664e-16 1.297940371619625832e+00
6.494592934735597737e+03 2.769050786235850357e-16 1.297940371619625832e+00
6.497181127911692784e+03 2.693079510358808216e-16 1.297940371619625832e+00
6.499769601135579251e+03 2.702048413348896658e-16 1.297940371619625832e+00
6.502358354270868404e+03 2.774163023912437452e-16 1.297940371619625832e+00
6.504947387181173326e+03 2.789055498362693973e-16 1.297940371619625832e+00
6.507536699730105283e+03 2.768932562371187931e-16 1.297940371619625832e+00
6.510126291781278269e+03 2.787020355042817999e-16 1.297940371619625832e+00
6.512716163198303548e+03 2.758409168844681986e-16 1.297940371619625832e+00
6.515306313844794204e+03 2.789411444979704420e-16 1.297940371619625832e+00
6.517896743584361502e+03 2.774049300963457824e-16 1.297940371619625832e+00
6.520487452280619436e+03 2.874445980516405735e-16 1.297940371619625832e+00
6.523078439797178362e+03 2.801380526454532384e-16 1.297940371619625832e+00
6.525669705997652272e+03 2.892922393881252692e-16 1.297940371619625832e+00
6.528261250745652433e+03 2.816851160657607858e-16 1.297940371619625832e+00
6.530853073904791927e+03 2.859896862962207864e-16 1.297940371619625832e+00
6.533445175338682930e+03 2.828351255477729499e-16 1.297940371619625832e+00
6.536037554910937615e+03 2.921648266170380636e-16 1.297940371619625832e+00
6.538630212485168158e+03 2.785426517771887930e-16 1.297940371619625832e+00
6.541223147924987643e+03 2.882991958317637641e-16 1.297940371619625832e+00
6.543816361094008244e+03 2.790559701996445515e-16 1.297940371619625832e+00
6.546409851855841225e+03 2.935524306753225352e-16 1.297940371619625832e+00
6.549003620074100581e+03 2.975030593946976042e-16 1.297940371619625832e+00
6.551597665612397577e+03 2.903740273650656751e-16 1.297940371619625832e+00
6.554191988334345297e+03 3.067474993277313179e-16 1.297940371619625832e+00
6.556786588103554095e+03 2.938331219793407722e-16 1.297940371619625832e+00
6.559381464783639785e+03 2.923878715987362693e-16 1.297940371619625832e+00
6.561976618238211813e+03 2.971198511641881656e-16 1.297940371619625832e+00
6.564572048330883263e+03 2.932602568654556801e-16 1.297940371619625832e+00
6.567167754925268127e+03 2.948751594312300596e-16 1.297940371619625832e+00
6.569763737884975853e+03 3.004252415946350887e-16 1.297940371619625832e+00
6.572359997073621344e+03 2.997812708463208237e-16 1.297940371619625832e+00
6.574956532354815863e+03 2.970371498546559885e-16 1.297940371619625832e+00
6.577553343592171586e+03 3.025979149956801061e-16 1.297940371619625832e+00
6.580150430649301597e+03 3.059357031571293009e-16 1.297940371619625832e+00
6.582747793389817161e+03 3.080739759227694708e-16 1.297940371619625832e+00
6.585345431677332272e+03 3.426265524012351448e-16 1.297940371619625832e+00
6.587943345375457284e+03 3.707426624392116598e-16 1.297940371619625832e+00
6.590541534347806191e+03 3.891569174877072887e-16 1.297940371619625832e+00
6.593139998457991169e+03 3.903169736877846137e-16 1.297940371619625832e+00
6.595738737569623481e+03 3.619062897211939998e-16 1.297940371619625832e+00
6.598337751546316213e+03 3.289323673742644169e-16 1.297940371619625832e+00
6.600937040251681537e+03 2.991984131025757908e-16 1.297940371619625832e+00
6.603536603549331630e+03 3.039049859497372122e-16 1.297940371619625832e+00
6.606136441302879575e+03 2.982568260305046975e-16 1.297940371619625832e+00
6.608736553375937547e+03 2.852221697453041594e-16 1.297940371619625832e+00
6.611336939632117719e+03 2.917241920550423849e-16 1.297940371619625832e+00
6.613937599935032267e+03 2.942355108366656242e-16 1.297940371619625832e+00
6.616538534148293365e+03 2.929819559083738974e-16 1.297940371619625832e+00
6.619139742135514098e+03 2.976245969112192696e-16 1.297940371619625832e+00
6.621741223760305729e+03 2.992167691915099167e-16 1.297940371619625832e+00
6.624342978886281344e+03 2.950743247969715006e-16 1.297940371619625832e+00
6.626945007377054026e+03 3.126523541109717381e-16 1.297940371619625832e+00
6.629547309096235040e+03 3.078274896429219367e-16 1.297940371619625832e+00
6.632149883907436561e+03 3.023358268993837992e-16 1.297940371619625832e+00
6.634752731674272582e+03 2.902835478387686813e-16 1.297940371619625832e+00
6.637355852260352549e+03 2.878885884949282730e-16 1.297940371619625832e+00
6.639959245529291366e+03 3.008513625955146363e-16 1.297940371619625832e+00
6.642562911344701206e+03 2.963450603339369257e-16 1.297940371619625832e+00
6.645166849570193335e+03 2.990794182110881211e-16 1.297940371619625832e+00
6.647771060069380837e+03 2.936880920959047134e-16 1.297940371619625832e+00
6.650375542705875887e+03 3.019343706635234400e-16 1.297940371619625832e+00
6.652980297343290658e+03 2.954791280683603593e-16 1.297940371619625832e+00
6.655585323845237326e+03 2.871851557363778148e-16 1.297940371619625832e+00
6.658190622075328974e+03 2.887605050098058272e-16 1.297940371619625832e+00
6.660796191897177778e+03 2.978732693473638355e-16 1.297940371619625832e+00
6.663402033174395001e+03 2.911856770573513058e-16 1.297940371619625832e+00
6.666008145770593728e+03 2.949291619422629598e-16 1.297940371619625832e+00
6.668614529549387044e+03 2.952455235431071589e-16 1.297940371619625832e+00
6.671221184374387121e+03 2.975251976174553262e-16 1.297940371619625832e+00
6.673828110109205227e+03 2.892335932923616355e-16 1.297940371619625832e+00
6.676435306617455353e+03 2.981140970492455970e-16 1.297940371619625832e+00
6.679042773762747856e+03 2.844837877509718552e-16 1.297940371619625832e+00
6.681650511408695820e+03 2.896712406497951357e-16 1.297940371619625832e+00
6.684258519418913238e+03 2.934938142403967287e-16 1.297940371619625832e+00
6.686866797657010466e+03 2.949385014716432311e-16 1.297940371619625832e+00
6.689475345986600587e+03 3.005073564830845924e-16 1.297940371619625832e+00
6.692084164271295776e+03 3.107646352744570336e-16 1.297940371619625832e+00
6.694693252374708209e+03 2.997783726505876394e-16 1.297940371619625832e+00
6.697302610160450968e+03 3.075783843649587429e-16 1.297940371619625832e+00
6.699912237492136228e+03 3.111647028629567296e-16 1.297940371619625832e+00
6.702522134233375255e+03 3.046326945893407950e-16 1.297940371619625832e+00
6.705132300247782041e+03 3.113342462875800487e-16 1.297940371619625832e+00
6.707742735398967852e+03 3.069940187765252025e-16 1.297940371619625832e+00
6.710353439550545772e+03 3.105615229033607857e-16 1.297940371619625832e+00
6.712964412566127976e+03 3.107971323583087635e-16 1.297940371619625832e+00
6.715575654309325728e+03 3.108997505712775654e-16 1.297940371619625832e+00
6.718187164643753022e+03 3.148728216889219726e-16 1.297940371619625832e+00
6.720798943433021122e+03 3.080735900148824419e-16 1.297940371619625832e+00
6.723410990540742205e+03 3.118488359515747985e-16 1.297940371619625832e+00
6.726023305830529353e+03 3.083856006060168720e-16 1.297940371619625832e+00
6.728635889165995650e+03 3.186464850108687311e-16 1.297940371619625832e+00
6.731248740410751452e+03 3.138055517025230842e-16 1.297940371619625832e+00
6.733861859428410753e+03 3.148478888983890886e-16 1.297940371619625832e+00
6.736475246082584817e+03 3.107682624552035833e-16 1.297940371619625832e+00
6.739088900236886730e+03 3.015586466768253812e-16 1.297940371619625832e+00
6.741702821754928664e+03 3.143790587382345483e-16 1.297940371619625832e+00
6.744317010500322795e+03 3.132726167927542816e-16 1.297940371619625832e+00
6.746931466336682206e+03 3.140039270233578730e-16 1.297940371619625832e+00
6.749546189127618163e+03 2.88699080784562298e-16 1.297940371619625832e+00
6.752161178736743750e+03 3.018979732251045108e-16 1.297940371619625832e+00
6.754776435027671141e+03 2.964714095182822365e-16 1.297940371619625832e+00
6.757391957864012511e+03 3.271257799756735740e-16 1.297940371619625832e+00
6.760007747109380034e+03 3.233999451953430615e-16 1.297940371619625832e+00
6.762623802627386794e+03 3.305579684607964550e-16 1.297940371619625832e+00
6.765240124281644057e+03 3.229554756976793843e-16 1.297940371619625832e+00
6.767856711935765816e+03 3.399547653020364128e-16 1.297940371619625832e+00
6.770473565453363335e+03 3.386274802793501442e-16 1.297940371619625832e+00
6.773090684698048790e+03 3.428486282222981930e-16 1.297940371619625832e+00
6.775708069533435264e+03 3.468767320577848155e-16 1.297940371619625832e+00
6.778325719823134023e+03 3.411669502785368134e-16 1.297940371619625832e+00
6.780943635430758150e+03 3.459551825657954710e-16 1.297940371619625832e+00
6.783561816219920729e+03 3.438350703194526080e-16 1.297940371619625832e+00
6.786180262054233026e+03 3.535319715772667738e-16 1.297940371619625832e+00
6.788798972797307215e+03 3.651772397330762452e-16 1.297940371619625832e+00
6.791417948312757289e+03 3.577824859382275900e-16 1.297940371619625832e+00
6.794037188464193605e+03 3.571213935622914532e-16 1.297940371619625832e+00
6.796656693115229245e+03 3.887979288656954357e-16 1.297940371619625832e+00
6.799276462129477295e+03 3.694177311051989206e-16 1.297940371619625832e+00
6.801896495370549019e+03 3.986755254650447051e-16 1.297940371619625832e+00
6.804516792702058410e+03 3.670216158962417868e-16 1.297940371619625832e+00
6.807137353987615825e+03 3.734775610040575276e-16 1.297940371619625832e+00
6.809758179090834346e+03 3.855006714979445341e-16 1.297940371619625832e+00
6.812379267875327059e+03 3.942669941551316407e-16 1.297940371619625832e+00
6.815000620204705228e+03 4.038289685966699785e-16 1.297940371619625832e+00
6.817622235942581938e+03 3.977676544571859756e-16 1.297940371619625832e+00
6.820244114952569362e+03 4.058276959470601070e-16 1.297940371619625832e+00
6.822866257098279675e+03 4.182872512836335194e-16 1.297940371619625832e+00
6.825488662243325052e+03 4.312517020125135879e-16 1.297940371619625832e+00
6.828111330251318577e+03 4.554989783851548808e-16 1.297940371619625832e+00
6.830734260985872424e+03 5.099687055982789323e-16 1.297940371619625832e+00
6.833357454310598769e+03 6.008409213575465401e-16 1.297940371619625832e+00
6.835980910089109784e+03 7.147471731979893004e-16 1.297940371619625832e+00
6.838604628185017646e+03 7.145815257437393325e-16 1.297940371619625832e+00
6.841228608461935437e+03 6.573282563147330309e-16 1.297940371619625832e+00
6.843852850783475333e+03 5.568447544014607850e-16 1.297940371619625832e+00
6.846477355013248598e+03 4.826282038497621536e-16 1.297940371619625832e+00
6.849102121014870136e+03 4.437627014294110236e-16 1.297940371619625832e+00
6.851727148651949392e+03 4.093259919155776231e-16 1.297940371619625832e+00
6.854352437788100360e+03 3.9706583536758397450e-16 1.297940371619625832e+00
6.856977988286934306e+03 3.91443357216508596e-16 1.297940371619625832e+00
6.859603800012065221e+03 4.061838222031738058e-16 1.297940371619625832e+00
6.862229872827103463e+03 3.961840529968870079e-16 1.297940371619625832e+00
6.864856206595663025e+03 3.8572492047194774454e-16 1.297940371619625832e+00
6.867482801181356990e+03 3.7000842085840159431e-16 1.297940371619625832e+00
6.870109656447794805e+03 3.598894638927060881e-16 1.297940371619625832e+00
6.872736772258590463e+03 3.544392444403496188e-16 1.297940371619625832e+00
6.875364148477357048e+03 3.699867986757302837e-16 1.297940371619625832e+00
6.877991784967705826e+03 3.608669690144772536e-16 1.297940371619625832e+00
6.880619681593248970e+03 3.504771197498359455e-16 1.297940371619625832e+00
6.883247838217600474e+03 3.573267020481810040e-16 1.297940371619625832e+00
6.885876254704371604e+03 3.458523488195981712e-16 1.297940371619625832e+00
6.888504930917173624e+03 3.352874523649986262e-16 1.297940371619625832e+00
6.891133866719620528e+03 3.3983348701499519257e-16 1.297940371619625832e+00
6.893763061975323581e+03 3.2979126323803348913e-16 1.297940371619625832e+00
6.896392516547896776e+03 3.2945798712454988778e-16 1.297940371619625832e+00
6.899022230300950469e+03 3.2003435287169680973e-16 1.297940371619625832e+00
6.901652203098097743e+03 3.123818335443156368e-16 1.297940371619625832e+00
6.904282434802951684e+03 3.101689305065459774e-16 1.297940371619625832e+00
6.906912925279124465e+03 3.196687984509366137e-16 1.297940371619625832e+00
6.909543674390227352e+03 3.225404168881226370e-16 1.297940371619625832e+00
6.912174681999873428e+03 3.262353677599098953e-16 1.297940371619625832e+00
6.914805947971675778e+03 3.309980900949203325e-16 1.297940371619625832e+00
6.917437472169245666e+03 3.266668749888003561e-16 1.297940371619625832e+00
6.920069254456195267e+03 3.378267191237838014e-16 1.297940371619625832e+00
6.922701294696137666e+03 3.299928904657822669e-16 1.297940371619625832e+00
6.925333592752685945e+03 3.343254183415286987e-16 1.297940371619625832e+00
6.927966148489450461e+03 3.347441521997361536e-16 1.297940371619625832e+00
6.930598961770045207e+03 3.337063295536546341e-16 1.297940371619625832e+00
6.933232032458081449e+03 3.338953392928307820e-16 1.297940371619625832e+00
6.935865360417172269e+03 3.310518238763900048e-16 1.297940371619625832e+00
6.938498945510929843e+03 3.321927421416996030e-16 1.297940371619625832e+00
6.941132787602967255e+03 3.327840747102233473e-16 1.297940371619625832e+00
6.943766886556895770e+03 3.416961811251783497e-16 1.297940371619625832e+00
6.946401242236327562e+03 3.513723024643540951e-16 1.297940371619625832e+00
6.949035854504875715e+03 3.382361094724409472e-16 1.297940371619625832e+00
6.951670723226152404e+03 3.454888024532045620e-16 1.297940371619625832e+00
6.954305848263769803e+03 3.377245927366741027e-16 1.297940371619625832e+00
6.956941229481340997e+03 3.496516967090074564e-16 1.297940371619625832e+00
6.959576866742478160e+03 3.568709015417667674e-16 1.297940371619625832e+00
6.962212759910791647e+03 3.719205891945059420e-16 1.297940371619625832e+00
6.964848908849897271e+03 4.533641392790264714e-16 1.297940371619625832e+00
6.967485313423404477e+03 6.217389641309761446e-16 1.297940371619625832e+00
6.970121973494926351e+03 9.863875912620956835e-16 1.297940371619625832e+00
6.972758888928076885e+03 1.361721499169790057e-15 1.297940371619625832e+00
6.975396059586466436e+03 1.432721855774549192e-15 1.297940371619625832e+00
6.978033485333708086e+03 1.164158737568199588e-15 1.297940371619625832e+00
6.980671166033414920e+03 7.841782272107514070e-16 1.297940371619625832e+00
6.983309101549197294e+03 4.940769978014432585e-16 1.297940371619625832e+00
6.985947291744669201e+03 3.804570372883391670e-16 1.297940371619625832e+00
6.988585736483442815e+03 3.261505622156974208e-16 1.297940371619625832e+00
6.991224435629130312e+03 3.068191478098932877e-16 1.297940371619625832e+00
6.993863389045344775e+03 3.230917789274740959e-16 1.297940371619625832e+00
6.996502596595697469e+03 3.059282789987142727e-16 1.297940371619625832e+00
6.999142058143800568e+03 2.909410600427036113e-16 1.297940371619625832e+00
7.001781773553267158e+03 2.961145639567651866e-16 1.297940371619625832e+00
7.004421742687709411e+03 3.023311768766540531e-16 1.297940371619625832e+00
7.007061965410740413e+03 2.984981203136741328e-16 1.297940371619625832e+00
7.009702441585970519e+03 3.032239850110344849e-16 1.297940371619625832e+00
7.012343171077014631e+03 3.133817603566906121e-16 1.297940371619625832e+00
7.014984153747483106e+03 3.253008856111135029e-16 1.297940371619625832e+00
7.017625389460989027e+03 3.288300994095922336e-16 1.297940371619625832e+00
7.020266878081145478e+03 3.389298203870604210e-16 1.297940371619625832e+00
7.022908619471562815e+03 3.560457143671572630e-16 1.297940371619625832e+00
7.025550613495855941e+03 3.855578564211916803e-16 1.297940371619625832e+00
7.028192860017635212e+03 4.303206436029645527e-16 1.297940371619625832e+00
7.030835358900513711e+03 5.556432048723815410e-16 1.297940371619625832e+00
7.033478110008103613e+03 9.138879383457446025e-16 1.297940371619625832e+00
7.036121113204018002e+03 1.736989519934221758e-15 1.297940371619625832e+00
7.038764368351869052e+03 2.976090220221223585e-15 1.297940371619625832e+00
7.041407875315268029e+03 3.823341666091211585e-15 1.297940371619625832e+00
7.044051633957828017e+03 3.485779698227056088e-15 1.297940371619625832e+00
7.046695644143162099e+03 2.343755826817642819e-15 1.297940371619625832e+00
7.049339905734881540e+03 1.240164241257062914e-15 1.297940371619625832e+00
7.051984418596598516e+03 6.643887391837516826e-16 1.297940371619625832e+00
7.054629182591926110e+03 4.378276096113847275e-16 1.297940371619625832e+00
7.057274197584476497e+03 3.683369570825103457e-16 1.297940371619625832e+00
7.059919463437862760e+03 3.300739862095826911e-16 1.297940371619625832e+00
7.062564980015696165e+03 3.267950587583101640e-16 1.297940371619625832e+00
7.065210747181589795e+03 2.965819288870766392e-16 1.297940371619625832e+00
7.067856764799154917e+03 2.891871085463635439e-16 1.297940371619625832e+00
7.070503032732005522e+03 2.895070925810469537e-16 1.297940371619625832e+00
7.073149550843751967e+03 2.846959039254722175e-16 1.297940371619625832e+00
7.075796318998008246e+03 2.789101839064463490e-16 1.297940371619625832e+00
7.078443337058386533e+03 2.838484814805421785e-16 1.297940371619625832e+00
7.081090604888498092e+03 2.862604953416607372e-16 1.297940371619625832e+00
7.083738122351956918e+03 2.869040247095319019e-16 1.297940371619625832e+00
7.086385889312374275e+03 2.874573381722637896e-16 1.297940371619625832e+00
7.089033905633362338e+03 2.762275314028277534e-16 1.297940371619625832e+00
7.091682171178533281e+03 2.793943323536394305e-16 1.297940371619625832e+00
7.094330685811501098e+03 2.852571574172171276e-16 1.297940371619625832e+00
7.096979449395876145e+03 2.759448402603247589e-16 1.297940371619625832e+00
7.099628461795272415e+03 2.761077249843939936e-16 1.297940371619625832e+00
7.102277722873301173e+03 2.777254585662676962e-16 1.297940371619625832e+00
7.104927232493575502e+03 2.678729795361369274e-16 1.297940371619625832e+00
7.107576990519707579e+03 2.829942416251093409e-16 1.297940371619625832e+00
7.110226996815309576e+03 2.775943552083887460e-16 1.297940371619625832e+00
7.112877251243993669e+03 2.736185961832892412e-16 1.297940371619625832e+00
7.115527753669372032e+03 2.680569195467579688e-16 1.297940371619625832e+00
7.118178503955057749e+03 2.735517691606338576e-16 1.297940371619625832e+00
7.120829501964662995e+03 2.750485373855569109e-16 1.297940371619625832e+00
7.123480747561799944e+03 2.704589491099931763e-16 1.297940371619625832e+00
7.126132240610080771e+03 2.721947435938459948e-16 1.297940371619625832e+00
7.128783980973117650e+03 2.533314193088810389e-16 1.297940371619625832e+00
7.131435968514523665e+03 2.727438285270307049e-16 1.297940371619625832e+00
7.134088203097910991e+03 2.682762950869710958e-16 1.297940371619625832e+00
7.136740684586891803e+03 2.681642907000125069e-16 1.297940371619625832e+00
7.139393412845078274e+03 2.659887198960932560e-16 1.297940371619625832e+00
7.142046387736083489e+03 2.707923752701559923e-16 1.297940371619625832e+00
7.144699609123519622e+03 2.631462462631875670e-16 1.297940371619625832e+00
7.147353076870997029e+03 2.709414676827399273e-16 1.297940371619625832e+00
7.150006790842131522e+03 2.778570431296971566e-16 1.297940371619625832e+00
7.152660750900532548e+03 2.589852565520793051e-16 1.297940371619625832e+00
7.155314956909814100e+03 2.691315200892726468e-16 1.297940371619625832e+00
7.157969408733587443e+03 2.612311213815647447e-16 1.297940371619625832e+00
7.160624106235465661e+03 2.648869163874555754e-16 1.297940371619625832e+00
7.163279049279060928e+03 2.623746694439173134e-16 1.297940371619625832e+00
7.165934237727986329e+03 2.633078319019234568e-16 1.297940371619625832e+00
7.168589671445853128e+03 2.477838356656519793e-16 1.297940371619625832e+00
7.171245350296274410e+03 2.471692528953327789e-16 1.297940371619625832e+00
7.173901274142861439e+03 2.440805920640235527e-16 1.297940371619625832e+00
7.176557442849227300e+03 2.451825697043398661e-16 1.297940371619625832e+00
7.179213856278985077e+03 2.467697336448878472e-16 1.297940371619625832e+00
7.181870514295746034e+03 2.485427138297240542e-16 1.297940371619625832e+00
7.184527416763123256e+03 2.387326036818593394e-16 1.297940371619625832e+00
7.187184563544728007e+03 2.354829312419183145e-16 1.297940371619625832e+00
7.189841954504174282e+03 2.403396732152434553e-16 1.297940371619625832e+00
7.192499589505073345e+03 2.448220735761487370e-16 1.297940371619625832e+00
7.195157468411038280e+03 2.482648717335579551e-16 1.297940371619625832e+00
7.197815591085680353e+03 2.502327264855069564e-16 1.297940371619625832e+00
7.200473957392612647e+03 2.371017895101023602e-16 1.297940371619625832e+00
7.203132567195446427e+03 2.400563239016084372e-16 1.297940371619625832e+00
7.205791420357795687e+03 2.415604011284998419e-16 1.297940371619625832e+00
7.208450516743272601e+03 2.381154363660812226e-16 1.297940371619625832e+00
7.211109856215487525e+03 2.573390974984431055e-16 1.297940371619625832e+00
7.213769438638055362e+03 2.509103489750836656e-16 1.297940371619625832e+00
7.216429263874588287e+03 2.556929646512864804e-16 1.297940371619625832e+00
7.219089331788696654e+03 2.644722097710549960e-16 1.297940371619625832e+00
7.221749642243994458e+03 2.619807791060111781e-16 1.297940371619625832e+00
7.224410195104092963e+03 2.541633672277267366e-16 1.297940371619625832e+00
7.227070990232605254e+03 2.589164578655008243e-16 1.297940371619625832e+00
7.229732027493144415e+03 2.489383731195770795e-16 1.297940371619625832e+00
7.232393306749320800e+03 2.481245130375207024e-16 1.297940371619625832e+00
7.235054827864748404e+03 2.391658189847854790e-16 1.297940371619625832e+00
7.237716590703039401e+03 2.516906465911553088e-16 1.297940371619625832e+00
7.240378595127805056e+03 2.471239643524934398e-16 1.297940371619625832e+00
7.243040841002659363e+03 2.420225098077176471e-16 1.297940371619625832e+00
7.245703328191213586e+03 2.562497889358393208e-16 1.297940371619625832e+00
7.248366056557078991e+03 2.578944049963836954e-16 1.297940371619625832e+00
7.251029025963871391e+03 2.489582263944427790e-16 1.297940371619625832e+00
7.253692236275199321e+03 2.543548131061319781e-16 1.297940371619625832e+00
7.256355687354677684e+03 2.696652053818448941e-16 1.297940371619625832e+00
7.259019379065917747e+03 2.575850281213938886e-16 1.297940371619625832e+00
7.261683311272531682e+03 2.583618969500881445e-16 1.297940371619625832e+00
7.264347483838132575e+03 2.514532097349113663e-16 1.297940371619625832e+00
7.267011896626332600e+03 2.422415151904409732e-16 1.297940371619625832e+00
7.269676549500743931e+03 2.465256228837933376e-16 1.297940371619625832e+00
7.272341442324979653e+03 2.525846536085152373e-16 1.297940371619625832e+00
7.275006574962650120e+03 2.336382040651614826e-16 1.297940371619625832e+00
7.277671947277369327e+03 2.348012266689799670e-16 1.297940371619625832e+00
7.280337559132749448e+03 2.407563350494260412e-16 1.297940371619625832e+00
7.283003410392403566e+03 2.385827372439718639e-16 1.297940371619625832e+00
7.285669500919942948e+03 2.479132276901591909e-16 1.297940371619625832e+00
7.288335830578978857e+03 2.388663430316609344e-16 1.297940371619625832e+00
7.291002399233126198e+03 2.297634456865822600e-16 1.297940371619625832e+00
7.293669206745995325e+03 2.289893927441692730e-16 1.297940371619625832e+00
7.296336252981200232e+03 2.384601806191616903e-16 1.297940371619625832e+00
7.299003537802351275e+03 2.355445007416992561e-16 1.297940371619625832e+00
7.301671061073063356e+03 2.408031002825654128e-16 1.297940371619625832e+00
7.304338822656946832e+03 2.373560272082148965e-16 1.297940371619625832e+00
7.307006822417614785e+03 2.497527659446373281e-16 1.297940371619625832e+00
7.309675060218678482e+03 2.500415670217967398e-16 1.297940371619625832e+00
7.312343535923751915e+03 2.512524529725304359e-16 1.297940371619625832e+00
7.315012249396447260e+03 2.511709723590833305e-16 1.297940371619625832e+00
7.317681200500375780e+03 2.300023662056299840e-16 1.297940371619625832e+00
7.320350389099150561e+03 2.270734169303592863e-16 1.297940371619625832e+00
7.323019815056384687e+03 2.447967313925428277e-16 1.297940371619625832e+00
7.325689478235688512e+03 2.309396145267520206e-16 1.297940371619625832e+00
7.328359378500676030e+03 2.324333756646620980e-16 1.297940371619625832e+00
7.331029515714958507e+03 2.422259603107822862e-16 1.297940371619625832e+00
7.333699889742149026e+03 2.344372560827578596e-16 1.297940371619625832e+00
7.336370500445860671e+03 2.225709372948256745e-16 1.297940371619625832e+00
7.339041347689704708e+03 2.410385011279152372e-16 1.297940371619625832e+00
7.341712431337293310e+03 2.380524279019627426e-16 1.297940371619625832e+00
7.344383751252238653e+03 2.317856200504219334e-16 1.297940371619625832e+00
7.347055307298154730e+03 2.336706150075831683e-16 1.297940371619625832e+00
7.349727099338653716e+03 2.277174422783478325e-16 1.297940371619625832e+00
7.352399127237345965e+03 2.386811602666415467e-16 1.297940371619625832e+00
7.355071390857844563e+03 2.305593384019245565e-16 1.297940371619625832e+00
7.357743890063762592e+03 2.368486401952154553e-16 1.297940371619625832e+00
7.360416624718712228e+03 2.307823434298102796e-16 1.297940371619625832e+00
7.363089594686305645e+03 2.358356038064089831e-16 1.297940371619625832e+00
7.365762799830155927e+03 2.270173166260222641e-16 1.297940371619625832e+00
7.368436240013874340e+03 2.337010178567891610e-16 1.297940371619625832e+00
7.371109915101073057e+03 2.257241888144712182e-16 1.297940371619625832e+00
7.373783824955365162e+03 2.290913817296185941e-16 1.297940371619625832e+00
7.376457969440363740e+03 2.267739838320200451e-16 1.297940371619625832e+00
7.379132348419679147e+03 2.264739685880488631e-16 1.297940371619625832e+00
7.381806961756925375e+03 2.189493701229116071e-16 1.297940371619625832e+00
7.384481809315715509e+03 2.349810088380380505e-16 1.297940371619625832e+00
7.387156890959658995e+03 2.139934654311176317e-16 1.297940371619625832e+00
7.389832206552370735e+03 2.268953885738288127e-16 1.297940371619625832e+00
7.392507755957461995e+03 2.264813999734583592e-16 1.297940371619625832e+00
7.395183539038545860e+03 2.374576812464207314e-16 1.297940371619625832e+00
7.397859555659233592e+03 2.365354190390615919e-16 1.297940371619625832e+00
7.400535805683138278e+03 2.351616113230414348e-16 1.297940371619625832e+00
7.403212288973872091e+03 2.284670888271533817e-16 1.297940371619625832e+00
7.405889005395047207e+03 2.382338017364617108e-16 1.297940371619625832e+00
7.408565954810277617e+03 2.337957891916307040e-16 1.297940371619625832e+00
7.411243137083172769e+03 2.336594058188681812e-16 1.297940371619625832e+00
7.413920552077347566e+03 2.351549776362068205e-16 1.297940371619625832e+00
7.416598199656412362e+03 2.396436239186567096e-16 1.297940371619625832e+00
7.419276079683981152e+03 2.375197457925417880e-16 1.297940371619625832e+00
7.421954192023666110e+03 2.349821190521880470e-16 1.297940371619625832e+00
7.424632536539078501e+03 2.322378623358388772e-16 1.297940371619625832e+00
7.427311113093830500e+03 2.341859577952282388e-16 1.297940371619625832e+00
7.429989921551536099e+03 2.280772420723619585e-16 1.297940371619625832e+00
7.432668961775807475e+03 2.259856718767621578e-16 1.297940371619625832e+00
7.435348233630254981e+03 2.292737422954535864e-16 1.297940371619625832e+00
7.438027736978493522e+03 2.288627892683569274e-16 1.297940371619625832e+00
7.440707471684133452e+03 2.218819815008691882e-16 1.297940371619625832e+00
7.443387437610788766e+03 2.310546576938039719e-16 1.297940371619625832e+00
7.446067634622069818e+03 2.330510956716847493e-16 1.297940371619625832e+00
7.448748062581590602e+03 2.225950179137297058e-16 1.297940371619625832e+00
7.451428721352963294e+03 2.216827029658322417e-16 1.297940371619625832e+00
7.454109610799800066e+03 2.244011348193744205e-16 1.297940371619625832e+00
7.456790730785713095e+03 2.273742356879762564e-16 1.297940371619625832e+00
7.459472081174313644e+03 2.425233698633140997e-16 1.297940371619625832e+00
7.462153661829216617e+03 2.500572211910614625e-16 1.297940371619625832e+00
7.464835472614033279e+03 2.456763406525600870e-16 1.297940371619625832e+00
7.467517513392374894e+03 2.503361521223451615e-16 1.297940371619625832e+00
7.470199784027854548e+03 2.431070586364720760e-16 1.297940371619625832e+00
7.472882284384084414e+03 2.492989721164204433e-16 1.297940371619625832e+00
7.475565014324678486e+03 2.397021268813210849e-16 1.297940371619625832e+00
7.478247973713245301e+03 2.418364751482238036e-16 1.297940371619625832e+00
7.480931162413402490e+03 2.450300270795589345e-16 1.297940371619625832e+00
7.483614580288757679e+03 2.376407926608480062e-16 1.297940371619625832e+00
7.486298227202925773e+03 2.284443353740034210e-16 1.297940371619625832e+00
7.488982103019518036e+03 2.261558916554391160e-16 1.297940371619625832e+00
7.491666207602148461e+03 2.414771341218678027e-16 1.297940371619625832e+00
7.494350540814427404e+03 2.281636168731946262e-16 1.297940371619625832e+00
7.497035102519967950e+03 2.356784425232874698e-16 1.297940371619625832e+00
7.499719892582383181e+03 2.368230240974096277e-16 1.297940371619625832e+00
7.502404910865283455e+03 2.467613610979561243e-16 1.297940371619625832e+00
7.505090157232283673e+03 2.379099670744816834e-16 1.297940371619625832e+00
7.507775631546994191e+03 2.451020758493724532e-16 1.297940371619625832e+00
7.510461333673029003e+03 2.451333378442738796e-16 1.297940371619625832e+00
7.513147263473999374e+03 2.435785539998656471e-16 1.297940371619625832e+00
7.515833420813517478e+03 2.304556810663519390e-16 1.297940371619625832e+00
7.518519805555197308e+03 2.307928266921637684e-16 1.297940371619625832e+00
7.521206417562649222e+03 2.290738122754689825e-16 1.297940371619625832e+00
7.523893256699485391e+03 2.364685437920440090e-16 1.297940371619625832e+00
7.526580322829320721e+03 2.291692944648481641e-16 1.297940371619625832e+00
7.529267615815764657e+03 2.362660912391106677e-16 1.297940371619625832e+00
7.531955135522432101e+03 2.275431066078243271e-16 1.297940371619625832e+00
7.534642881812933410e+03 2.367557165526969809e-16 1.297940371619625832e+00
7.537330854550882577e+03 2.307417170454738916e-16 1.297940371619625832e+00
7.540019053599890867e+03 2.449406993057585866e-16 1.297940371619625832e+00
7.542707478823571364e+03 2.311625317429741001e-16 1.297940371619625832e+00
7.545396130085535333e+03 2.227514695232168591e-16 1.297940371619625832e+00
7.548085007249395858e+03 2.287336045435788981e-16 1.297940371619625832e+00
7.550774110178765113e+03 2.293608212116756518e-16 1.297940371619625832e+00
7.553463438737255274e+03 2.270405808516406071e-16 1.297940371619625832e+00
7.556152992788478514e+03 2.346607130375626777e-16 1.297940371619625832e+00
7.558842772196048827e+03 2.338581363660580131e-16 1.297940371619625832e+00
7.561532776823577478e+03 2.386047918619143230e-16 1.297940371619625832e+00
7.564223006534675733e+03 2.292218287413843781e-16 1.297940371619625832e+00
7.566913461192958493e+03 2.310538418721588444e-16 1.297940371619625832e+00
7.569604140662035206e+03 2.276726231559927976e-16 1.297940371619625832e+00
7.572295044805519865e+03 2.340989246819615989e-16 1.297940371619625832e+00
7.574986173487024644e+03 2.193316040337963971e-16 1.297940371619625832e+00
7.577677526570161717e+03 2.260831560486110006e-16 1.297940371619625832e+00
7.580369103918543260e+03 2.234144746757147124e-16 1.297940371619625832e+00
7.583060905395783266e+03 2.344918793508059782e-16 1.297940371619625832e+00
7.585752930865491180e+03 2.314274134377313019e-16 1.297940371619625832e+00
7.588445180191281906e+03 2.196266615401674373e-16 1.297940371619625832e+00
7.591137653236765800e+03 1.897335588920659641e-16 1.297940371619625832e+00
7.593830349865556855e+03 1.313945427416992621e-16 1.297940371619625832e+00
7.596523269941266335e+03 8.604404796577033652e-17 1.297940371619625832e+00
7.599216413327507325e+03 5.750541707672924470e-17 1.297940371619625832e+00
7.601909779887892910e+03 4.823298437118311068e-17 1.297940371619625832e+00
7.604603369486033444e+03 3.277407369928127324e-17 1.297940371619625832e+00
7.607297181985542920e+03 4.248184220837729942e-17 1.297940371619625832e+00
7.609991217250031696e+03 6.196474419110616553e-17 1.297940371619625832e+00
7.612685475143114672e+03 8.487239165812485601e-17 1.297940371619625832e+00
7.615379955528403116e+03 1.323076014835005721e-16 1.297940371619625832e+00
7.618074658269508291e+03 1.498085710210077294e-16 1.297940371619625832e+00
7.620769583230045100e+03 1.445834359864484219e-16 1.297940371619625832e+00
7.623464730273622990e+03 1.202543388870918615e-16 1.297940371619625832e+00
7.626160099263855955e+03 1.006648026037117068e-16 1.297940371619625832e+00
7.628855690064357077e+03 1.042128908665719811e-16 1.297940371619625832e+00
7.631551502538737623e+03 1.017267952667726432e-16 1.297940371619625832e+00
7.634247536550608856e+03 1.069206774995862387e-16 1.297940371619625832e+00
7.636943791963584772e+03 1.108286050960831577e-16 1.297940371619625832e+00
7.639640268641277544e+03 1.171386130651825211e-16 1.297940371619625832e+00
7.642336966447299346e+03 1.250271740405635515e-16 1.297940371619625832e+00
7.645033885245262354e+03 1.396670991943070849e-16 1.297940371619625832e+00
7.647731024898778742e+03 1.440284271249937509e-16 1.297940371619625832e+00
7.650428385271461593e+03 1.581053255714964931e-16 1.297940371619625832e+00
7.653125966226922174e+03 1.685447772527128641e-16 1.297940371619625832e+00
7.655823767628773567e+03 1.788359840923969126e-16 1.297940371619625832e+00
7.658521789340628857e+03 1.865035783944680024e-16 1.297940371619625832e+00
7.661220031226099309e+03 1.909943145934917521e-16 1.297940371619625832e+00
7.663918493148797097e+03 1.916334102907781452e-16 1.297940371619625832e+00
7.666617174972336215e+03 2.062176649824554895e-16 1.297940371619625832e+00
7.669316076560326110e+03 2.132963021627643148e-16 1.297940371619625832e+00
7.672015197776381683e+03 2.053553939389291685e-16 1.297940371619625832e+00
7.674714538484115110e+03 2.151747856228585434e-16 1.297940371619625832e+00
7.677414098547137655e+03 2.178964611459141145e-16 1.297940371619625832e+00
7.680113877829062403e+03 2.262385414342071274e-16 1.297940371619625832e+00
7.682813876193500619e+03 2.231149255642778176e-16 1.297940371619625832e+00
7.685514093504066295e+03 2.090906740794305953e-16 1.297940371619625832e+00
7.688214529624370698e+03 2.275078895404980959e-16 1.297940371619625832e+00
7.690915184418026911e+03 2.275787336798781279e-16 1.297940371619625832e+00
7.693616057748646199e+03 2.272672355744481641e-16 1.297940371619625832e+00
7.696317149479841646e+03 2.257055628019857498e-16 1.297940371619625832e+00
7.699018459475226337e+03 2.267122769791079204e-16 1.297940371619625832e+00
7.701719987598411535e+03 2.212755654412938472e-16 1.297940371619625832e+00
7.704421733713009417e+03 2.241491089922509665e-16 1.297940371619625832e+00
7.707123697682633065e+03 2.355421791199175167e-16 1.297940371619625832e+00
7.709825879370893745e+03 2.404472575129134490e-16 1.297940371619625832e+00
7.712528278641406359e+03 2.322701148559169760e-16 1.297940371619625832e+00
7.715230895357779445e+03 2.235246489811598939e-16 1.297940371619625832e+00
7.717933729383629725e+03 2.333933087973315832e-16 1.297940371619625832e+00
7.720636780582566644e+03 2.272782505830629086e-16 1.297940371619625832e+00
7.723340048818201467e+03 2.212818653519745779e-16 1.297940371619625832e+00
7.726043533954150917e+03 2.293384277232479639e-16 1.297940371619625832e+00
7.728747235854023529e+03 2.260332932408999327e-16 1.297940371619625832e+00
7.731451154381432389e+03 2.278309826873185886e-16 1.297940371619625832e+00
7.734155289399990579e+03 2.203469595485721788e-16 1.297940371619625832e+00
7.736859640773311185e+03 2.255480075356467513e-16 1.297940371619625832e+00
7.739564208365004561e+03 2.162081124709827983e-16 1.297940371619625832e+00
7.742268992038683791e+03 2.258340305455232770e-16 1.297940371619625832e+00
7.744973991657961960e+03 2.237092103635396306e-16 1.297940371619625832e+00
7.747679207086452152e+03 2.205759591563842983e-16 1.297940371619625832e+00
7.750384638187764722e+03 2.307686069819052024e-16 1.297940371619625832e+00
7.753090284825512754e+03 2.245323340893470032e-16 1.297940371619625832e+00
7.755796146863308422e+03 2.252520564480355296e-16 1.297940371619625832e+00
7.758502224164765721e+03 2.251905127932262281e-16 1.297940371619625832e+00
7.761208516593493187e+03 2.303499758583153653e-16 1.297940371619625832e+00
7.763915024013107541e+03 2.304989901859381469e-16 1.297940371619625832e+00
7.766621746287219139e+03 2.305650997130105411e-16 1.297940371619625832e+00
7.769328683279440156e+03 2.283404953101548529e-16 1.297940371619625832e+00
7.772035834853383676e+03 2.323945511070137688e-16 1.297940371619625832e+00
7.774743200872660964e+03 2.321074856896035153e-16 1.297940371619625832e+00
7.777450781200885103e+03 2.357466157869225289e-16 1.297940371619625832e+00
7.780158575701669179e+03 2.281334656967835208e-16 1.297940371619625832e+00
7.782866584238624455e+03 2.367455761656564801e-16 1.297940371619625832e+00
7.785574806675363106e+03 2.321621883169793200e-16 1.297940371619625832e+00
7.788283242875498217e+03 2.209260894654677388e-16 1.297940371619625832e+00
7.790991892702641962e+03 2.257346892152104704e-16 1.297940371619625832e+00
7.793700756020406516e+03 2.231019525490107052e-16 1.297940371619625832e+00
7.796409832692404962e+03 2.276738892791417146e-16 1.297940371619625832e+00
7.799119122582247655e+03 2.275231899507252480e-16 1.297940371619625832e+00
7.801828625553549500e+03 2.259854827925783284e-16 1.297940371619625832e+00
7.804538341469921761e+03 2.305882689091958107e-16 1.297940371619625832e+00
7.807248270194976612e+03 2.254469225069136825e-16 1.297940371619625832e+00
7.809958411592326229e+03 2.215555492309176200e-16 1.297940371619625832e+00
7.812668765525583694e+03 2.241000521315318209e-16 1.297940371619625832e+00
7.815379331858361184e+03 2.134247693796026376e-16 1.297940371619625832e+00
7.818090110454269961e+03 2.221145328834439341e-16 1.297940371619625832e+00
7.820801101176923112e+03 2.238996413422087335e-16 1.297940371619625832e+00
7.823512303889934628e+03 2.202803492330736316e-16 1.297940371619625832e+00
7.826223718456913957e+03 2.146326344723375894e-16 1.297940371619625832e+00
7.828935344741476001e+03 2.182902897637165510e-16 1.297940371619625832e+00
7.831647182607231116e+03 2.160997491779103227e-16 1.297940371619625832e+00
7.834359231917792386e+03 2.137542849722741917e-16 1.297940371619625832e+00
7.837071492536772894e+03 2.201886934528043433e-16 1.297940371619625832e+00
7.839783964327783906e+03 2.195224927528749693e-16 1.297940371619625832e+00
7.842496647154438506e+03 2.194115185398966081e-16 1.297940371619625832e+00
7.845209540880348868e+03 2.204414466448218011e-16 1.297940371619625832e+00
7.847922645369127167e+03 2.090622659891062454e-16 1.297940371619625832e+00
7.850635960484386487e+03 2.161653560159950553e-16 1.297940371619625832e+00
7.853349486089737184e+03 2.066029641369180842e-16 1.297940371619625832e+00
7.856063222048795069e+03 2.211698399463140778e-16 1.297940371619625832e+00
7.858777168225168680e+03 2.183977449428031181e-16 1.297940371619625832e+00
7.861491324482472919e+03 2.235301706871468313e-16 1.297940371619625832e+00
7.864205690684319052e+03 2.173299133733549481e-16 1.297940371619625832e+00
7.866920266694320162e+03 2.166310285304000754e-16 1.297940371619625832e+00
7.869635052376088424e+03 2.104118196005821903e-16 1.297940371619625832e+00
7.872350047593235104e+03 2.196574129449320470e-16 1.297940371619625832e+00
7.875065252209373284e+03 2.145212760195272115e-16 1.297940371619625832e+00
7.877780666088116050e+03 2.155095968936412505e-16 1.297940371619625832e+00
7.880496289093076484e+03 2.222939639500195631e-16 1.297940371619625832e+00
7.883212121087864034e+03 2.109285190234081243e-16 1.297940371619625832e+00
7.885928161936093602e+03 2.115825310149057353e-16 1.297940371619625832e+00
7.888644411501375544e+03 2.105871434947621882e-16 1.297940371619625832e+00
7.891360869647323852e+03 2.073158145298555883e-16 1.297940371619625832e+00
7.894077536237549793e+03 2.056883105921371679e-16 1.297940371619625832e+00
7.896794411135666451e+03 2.121315815142313455e-16 1.297940371619625832e+00
7.899511494205285999e+03 2.145199472111557866e-16 1.297940371619625832e+00
7.902228785310020612e+03 2.202928843282213120e-16 1.297940371619625832e+00
7.904946284313484284e+03 2.174493693381711939e-16 1.297940371619625832e+00
7.907663991079285552e+03 2.150449273463676031e-16 1.297940371619625832e+00
7.910381905471040227e+03 2.220678480460360788e-16 1.297940371619625832e+00
7.913100027352360485e+03 2.115716147803559638e-16 1.297940371619625832e+00
7.915818356586856680e+03 2.261281082841070656e-16 1.297940371619625832e+00
7.918536893038141898e+03 2.181576766860778497e-16 1.297940371619625832e+00
7.921255636569829221e+03 2.206253031858059954e-16 1.297940371619625832e+00
7.923974587045529915e+03 2.222295743598370992e-16 1.297940371619625832e+00
7.926693744328858884e+03 2.305759942997023619e-16 1.297940371619625832e+00
7.929413108283425572e+03 2.103748635737961742e-16 1.297940371619625832e+00
7.932132678772843065e+03 2.269670335213129803e-16 1.297940371619625832e+00
7.934852455660724445e+03 2.266960845077811964e-16 1.297940371619625832e+00
7.937572438810680978e+03 2.239363838645462091e-16 1.297940371619625832e+00
7.940292628086326658e+03 2.127100672253431830e-16 1.297940371619625832e+00
7.943013023351272750e+03 2.144254921893749386e-16 1.297940371619625832e+00
7.945733624469132337e+03 2.230755149937116811e-16 1.297940371619625832e+00
7.948454431303514866e+03 2.257202248354604835e-16 1.297940371619625832e+00
7.951175443718037059e+03 2.277021388769510322e-16 1.297940371619625832e+00
7.953896661576309270e+03 2.309498194151181315e-16 1.297940371619625832e+00
7.956618084741943676e+03 2.220805737700049671e-16 1.297940371619625832e+00
7.959339713078552450e+03 2.240244789414470476e-16 1.297940371619625832e+00
7.962061546449747766e+03 2.225939306554293395e-16 1.297940371619625832e+00
7.964783584719143619e+03 2.125008595146948120e-16 1.297940371619625832e+00
7.967505827750350363e+03 2.174239531369400449e-16 1.297940371619625832e+00
7.970228275406981993e+03 2.311252302493105076e-16 1.297940371619625832e+00
7.972950927552648864e+03 2.311981605897454864e-16 1.297940371619625832e+00
7.975673784050964969e+03 2.214627800366439901e-16 1.297940371619625832e+00
7.978396844765543392e+03 2.200066493737192708e-16 1.297940371619625832e+00
7.981120109559995399e+03 2.221786629774866960e-16 1.297940371619625832e+00
7.983843578297932254e+03 2.196503813397823402e-16 1.297940371619625832e+00
7.986567250842967042e+03 2.239092954657208505e-16 1.297940371619625832e+00
7.989291127058713755e+03 2.212431910292932247e-16 1.297940371619625832e+00
7.992015206808782750e+03 2.182002153495537693e-16 1.297940371619625832e+00
7.994739489956787111e+03 2.323566416602828159e-16 1.297940371619625832e+00
7.997463976366339921e+03 2.118350674883537087e-16 1.297940371619625832e+00
8.000188665901051536e+03 2.118158043925150290e-16 1.297940371619625832e+00
8.002913558424535950e+03 2.272981972666406409e-16 1.297940371619625832e+00
8.005638653800405336e+03 2.170393072363464635e-16 1.297940371619625832e+00
8.008363951892271871e+03 2.166520145874640430e-16 1.297940371619625832e+00
8.011089452563748637e+03 2.187989581165134993e-16 1.297940371619625832e+00
8.013815155678445990e+03 2.145524936003001588e-16 1.297940371619625832e+00
8.016541061099978833e+03 2.224255003106220367e-16 1.297940371619625832e+00
8.019267168691956613e+03 2.161422616161147439e-16 1.297940371619625832e+00
8.021993478317994231e+03 2.162808930824294890e-16 1.297940371619625832e+00
8.024719989841702954e+03 2.069759912085884704e-16 1.297940371619625832e+00
8.027446703126695866e+03 2.097729914231067088e-16 1.297940371619625832e+00
8.030173618036584230e+03 2.234155247967759775e-16 1.297940371619625832e+00
8.032900734434981132e+03 2.309893143461776431e-16 1.297940371619625832e+00
8.035628052185498746e+03 2.189858205531318358e-16 1.297940371619625832e+00
8.038355571151749245e+03 2.230114696845190234e-16 1.297940371619625832e+00
8.041083291197344806e+03 2.252331510133328914e-16 1.297940371619625832e+00
8.043811212185898512e+03 2.310142893720938341e-16 1.297940371619625832e+00
8.046539333981022537e+03 2.444600496468497740e-16 1.297940371619625832e+00
8.049267656446329056e+03 2.344050104008240794e-16 1.297940371619625832e+00
8.051996179445430244e+03 2.400521336427232356e-16 1.297940371619625832e+00
8.054724902841939183e+03 2.286811744521637961e-16 1.297940371619625832e+00
8.057453826499466231e+03 2.243806549798523839e-16 1.297940371619625832e+00
8.060182950281626290e+03 2.099976332376903508e-16 1.297940371619625832e+00
8.062912274052030625e+03 2.144539788998232364e-16 1.297940371619625832e+00
8.065641797674290501e+03 2.259982257882598901e-16 1.297940371619625832e+00
8.068371521012020821e+03 2.221378676987210000e-16 1.297940371619625832e+00
8.071101443928831941e+03 2.207588020413032735e-16 1.297940371619625832e+00
8.073831566288336944e+03 2.171623261265716306e-16 1.297940371619625832e+00
8.076561887954147096e+03 2.119139504614226455e-16 1.297940371619625832e+00
8.079292408789877300e+03 2.176441608697332123e-16 1.297940371619625832e+00
8.082023128659137001e+03 2.030500384651122360e-16 1.297940371619625832e+00
8.084754047425540193e+03 2.169095462002514398e-16 1.297940371619625832e+00
8.087485164952698142e+03 2.211361328433379397e-16 1.297940371619625832e+00
8.090216481104224840e+03 2.199666433438981932e-16 1.297940371619625832e+00
8.092947995743730644e+03 2.279901838948606475e-16 1.297940371619625832e+00
8.095679708734830456e+03 2.153343710155458475e-16 1.297940371619625832e+00
8.098411619941134632e+03 2.226203674179857697e-16 1.297940371619625832e+00
8.101143729226256255e+03 2.229430959187956785e-16 1.297940371619625832e+00
8.103876036453806591e+03 2.202403032829061641e-16 1.297940371619625832e+00
8.106608541487399634e+03 2.281510902199057952e-16 1.297940371619625832e+00
8.109341244190647558e+03 2.238444110379369315e-16 1.297940371619625832e+00
8.112074144427160718e+03 2.158138146024669118e-16 1.297940371619625832e+00
8.114807242060554017e+03 2.098622904991299003e-16 1.297940371619625832e+00
8.117540536954438721e+03 2.171080709867337152e-16 1.297940371619625832e+00
8.120274028972426095e+03 2.182863973868373124e-16 1.297940371619625832e+00
8.123007717978131041e+03 2.027056773390421853e-16 1.297940371619625832e+00
8.125741603835163914e+03 2.202321489997842157e-16 1.297940371619625832e+00
8.128475686407136891e+03 2.158127511559199780e-16 1.297940371619625832e+00
8.131209965557663963e+03 2.078985391417047437e-16 1.297940371619625832e+00
8.133944441150356397e+03 2.109332006462538835e-16 1.297940371619625832e+00
8.136679113048827276e+03 2.180737457177587545e-16 1.297940371619625832e+00
8.139413981116686955e+03 2.185961439468388868e-16 1.297940371619625832e+00
8.142149045217550338e+03 2.138084716284923773e-16 1.297940371619625832e+00
8.144884305215027780e+03 2.052498838458106363e-16 1.297940371619625832e+00
8.147619760972733275e+03 2.150844735355288796e-16 1.297940371619625832e+00
8.150355412354278087e+03 2.092424691913856214e-16 1.297940371619625832e+00
8.153091259223276211e+03 2.093436447783896941e-16 1.297940371619625832e+00
8.155827301443337092e+03 2.206317072308524042e-16 1.297940371619625832e+00
8.158563538878075633e+03 2.084669151516525449e-16 1.297940371619625832e+00
8.161299971391103099e+03 1.974958646130112022e-16 1.297940371619625832e+00
8.164036598846031666e+03 2.042275697231573128e-16 1.297940371619625832e+00
8.166773421106474416e+03 2.046908926465892061e-16 1.297940371619625832e+00
8.169510438036043524e+03 2.096311613864108428e-16 1.297940371619625832e+00
8.172247649498351166e+03 2.062841319113116045e-16 1.297940371619625832e+00
8.174985055357008605e+03 2.120825662655262304e-16 1.297940371619625832e+00
8.177722655475630745e+03 2.067645712699335009e-16 1.297940371619625832e+00
8.180460449717827942e+03 2.070213709172865576e-16 1.297940371619625832e+00
8.183198437947212369e+03 2.108734439173968108e-16 1.297940371619625832e+00
8.185936620027398021e+03 2.056057805062224437e-16 1.297940371619625832e+00
8.188674995821997072e+03 2.146386121885448970e-16 1.297940371619625832e+00
8.191413565194619878e+03 2.093809591703694192e-16 1.297940371619625832e+00
8.194152328008880431e+03 2.212053858182247900e-16 1.297940371619625832e+00
8.196891284128390907e+03 2.216479522058620061e-16 1.297940371619625832e+00
8.199630433416763481e+03 2.181711006128514949e-16 1.297940371619625832e+00
8.202369775737610325e+03 2.257481989513513216e-16 1.297940371619625832e+00
8.205109310954543616e+03 2.183779966841307420e-16 1.297940371619625832e+00
8.207849038931177347e+03 2.264414177364171056e-16 1.297940371619625832e+00
8.210588959531121873e+03 2.211001426720025489e-16 1.297940371619625832e+00
8.213329072617989368e+03 2.239487444921787298e-16 1.297940371619625832e+00
8.216069378055395646e+03 2.265388932774694395e-16 1.297940371619625832e+00
8.218809875706949242e+03 2.200151263272379516e-16 1.297940371619625832e+00
8.221550565436262332e+03 2.136612884303526684e-16 1.297940371619625832e+00
8.224291447106948908e+03 2.101285749273079071e-16 1.297940371619625832e+00
8.227032520582622965e+03 1.914198225578118389e-16 1.297940371619625832e+00
8.229773785726894857e+03 1.819122452304649461e-16 1.297940371619625832e+00
8.232515242403376760e+03 2.021575626970853457e-16 1.297940371619625832e+00
8.235256890475680848e+03 2.092766410795999889e-16 1.297940371619625832e+00
8.237998729807419295e+03 2.329416661740789816e-16 1.297940371619625832e+00
8.240740760262206095e+03 2.304680946771424769e-16 1.297940371619625832e+00
8.243482981703653422e+03 2.341950822416161413e-16 1.297940371619625832e+00
8.246225393995373452e+03 2.104584915150127405e-16 1.297940371619625832e+00
8.248967997000974719e+03 2.253299972900446263e-16 1.297940371619625832e+00
8.251710790584076676e+03 2.183707304769155269e-16 1.297940371619625832e+00
8.254453774608286039e+03 2.221817118710111058e-16 1.297940371619625832e+00
8.257196948937216803e+03 2.307112788010328638e-16 1.297940371619625832e+00
8.259940313434482960e+03 2.324485584531038893e-16 1.297940371619625832e+00
8.262683867963693046e+03 2.563950054270764723e-16 1.297940371619625832e+00
8.265427612388462876e+03 2.630909391513768955e-16 1.297940371619625832e+00
8.268171546572404623e+03 2.385637542454090265e-16 1.297940371619625832e+00
8.270915670379130461e+03 2.333233282656622368e-16 1.297940371619625832e+00
8.273659983672250746e+03 2.292265584481366630e-16 1.297940371619625832e+00
8.276404486315379472e+03 2.164555118760301690e-16 1.297940371619625832e+00
8.279149178172126994e+03 2.096528195862554960e-16 1.297940371619625832e+00
8.281894059106109125e+03 2.114470183933834063e-16 1.297940371619625832e+00
8.284639128980936221e+03 2.227012224897670705e-16 1.297940371619625832e+00
8.287384387660220455e+03 2.085550638898526949e-16 1.297940371619625832e+00
8.290129835007574002e+03 2.101358755935723257e-16 1.297940371619625832e+00
8.292875470886610856e+03 2.114195265070213634e-16 1.297940371619625832e+00
8.295621295160941372e+03 2.059811109194127935e-16 1.297940371619625832e+00
8.298367307694181363e+03 2.130983831685594170e-16 1.297940371619625832e+00
8.301113508349937547e+03 2.172450189663003251e-16 1.297940371619625832e+00
8.303859896991827554e+03 2.054465466515019212e-16 1.297940371619625832e+00
8.306606473483459922e+03 1.932584912214281573e-16 1.297940371619625832e+00
8.309353237688450463e+03 2.098704640651397620e-16 1.297940371619625832e+00
8.312100189470407713e+03 2.014206178807920478e-16 1.297940371619625832e+00
8.314847328692947485e+03 1.961302213874016513e-16 1.297940371619625832e+00
8.317594655219680135e+03 2.110293094269405008e-16 1.297940371619625832e+00
8.320342168914219656e+03 2.021453804864561404e-16 1.297940371619625832e+00
8.323089869640174584e+03 2.144154453775551875e-16 1.297940371619625832e+00
8.325837757261162551e+03 2.111746586432240893e-16 1.297940371619625832e+00
8.328585831640793913e+03 2.052648780487954605e-16 1.297940371619625832e+00
8.331334092642679025e+03 1.969120155936113832e-16 1.297940371619625832e+00
8.334082540130431880e+03 2.065761814728708254e-16 1.297940371619625832e+00
8.336831173967664654e+03 2.156737931104553223e-16 1.297940371619625832e+00
8.339579994017989520e+03 2.234926736944081542e-16 1.297940371619625832e+00
8.342329000145018654e+03 2.159901522212166374e-16 1.297940371619625832e+00
8.345078192212367867e+03 2.042923868478623730e-16 1.297940371619625832e+00
8.347827570083643877e+03 1.934160131632275568e-16 1.297940371619625832e+00
8.350577133622460678e+03 2.103534053598448279e-16 1.297940371619625832e+00
8.353326882692432264e+03 1.950270122356488466e-16 1.297940371619625832e+00
8.356076817157172627e+03 1.907312049051376026e-16 1.297940371619625832e+00
8.358826936880290305e+03 1.952665177778421373e-16 1.297940371619625832e+00
8.361577241725397471e+03 2.058700311105479546e-16 1.297940371619625832e+00
8.364327731556109939e+03 2.093119397698841601e-16 1.297940371619625832e+00
8.367078406236038063e+03 2.100695801191735684e-16 1.297940371619625832e+00
8.369829265628794019e+03 2.008242705899688541e-16 1.297940371619625832e+00
8.372580309597991800e+03 2.145890278153650981e-16 1.297940371619625832e+00
8.375331538007241761e+03 1.924064585917508798e-16 1.297940371619625832e+00
8.378082950720156077e+03 2.050197779129048030e-16 1.297940371619625832e+00
8.380834547600348742e+03 1.989126470994560020e-16 1.297940371619625832e+00
8.383586328511431930e+03 2.051719900019367527e-16 1.297940371619625832e+00
8.386338293317017815e+03 2.012988672557161985e-16 1.297940371619625832e+00
8.389090441880716753e+03 2.068314112220503057e-16 1.297940371619625832e+00
8.391842774066142738e+03 1.993775084020703363e-16 1.297940371619625832e+00
8.394595289736909763e+03 2.036083722255042778e-16 1.297940371619625832e+00
8.397347988756628183e+03 2.104263403177988456e-16 1.297940371619625832e+00
8.400100870988910174e+03 2.006799772433654216e-16 1.297940371619625832e+00
8.402853936297369728e+03 2.006635072751711663e-16 1.297940371619625832e+00
8.405607184545617201e+03 1.949835202358966977e-16 1.297940371619625832e+00
8.408360615597266587e+03 2.042592367208926984e-16 1.297940371619625832e+00
8.411114229315928242e+03 1.924779167312761046e-16 1.297940371619625832e+00
8.413868025565217977e+03 1.942287475088553151e-16 1.297940371619625832e+00
8.416622004208744329e+03 1.954554888919094195e-16 1.297940371619625832e+00
8.419376165110123111e+03 1.929296395253960132e-16 1.297940371619625832e+00
8.422130508132962859e+03 1.921160383856769683e-16 1.297940371619625832e+00
8.424885033140877567e+03 1.977583754639562199e-16 1.297940371619625832e+00
8.427639739997481229e+03 2.040802618250944722e-16 1.297940371619625832e+00
8.430394628566386018e+03 1.879880374179306902e-16 1.297940371619625832e+00
8.433149698711202291e+03 1.991179609817280453e-16 1.297940371619625832e+00
8.435904950295542221e+03 1.948356218993654246e-16 1.297940371619625832e+00
8.438660383183021622e+03 2.008528776965091705e-16 1.297940371619625832e+00
8.441415997237249030e+03 1.781248404860858982e-16 1.297940371619625832e+00
8.444171792321838439e+03 1.995108421575630569e-16 1.297940371619625832e+00
8.446927768300402022e+03 1.979116622910748897e-16 1.297940371619625832e+00
8.449683925036551955e+03 1.958052750336687397e-16 1.297940371619625832e+00
8.452440262393902231e+03 1.926917237091728160e-16 1.297940371619625832e+00
8.455196780236061386e+03 1.978403388414324690e-16 1.297940371619625832e+00
8.457953478426647052e+03 1.834026491172581866e-16 1.297940371619625832e+00
8.460710356829265947e+03 1.868432760147291836e-16 1.297940371619625832e+00
8.463467415307535703e+03 1.896040007808394313e-16 1.297940371619625832e+00
8.466224653725064854e+03 2.003083602850836759e-16 1.297940371619625832e+00
8.468982071945465577e+03 1.996103489155695432e-16 1.297940371619625832e+00
8.471739669832353684e+03 1.971677716848446735e-16 1.297940371619625832e+00
8.474497447249339530e+03 1.950166003665810323e-16 1.297940371619625832e+00
8.477255404060035289e+03 1.793106435315262850e-16 1.297940371619625832e+00
8.480013540128053137e+03 1.908140115538324706e-16 1.297940371619625832e+00
8.482771855317007066e+03 1.905864374062359752e-16 1.297940371619625832e+00
8.485530349490507433e+03 1.942306343102752317e-16 1.297940371619625832e+00
8.488289022512166412e+03 1.914017775754150429e-16 1.297940371619625832e+00
8.491047874245599814e+03 1.921991092701333769e-16 1.297940371619625832e+00
8.493806904554414359e+03 2.026720826919880787e-16 1.297940371619625832e+00
8.496566113302227677e+03 1.910547954372673922e-16 1.297940371619625832e+00
8.499325500352650124e+03 1.922725682587325792e-16 1.297940371619625832e+00
8.502085065569292055e+03 1.942750990209492844e-16 1.297940371619625832e+00
8.504844808815769284e+03 1.864110358521034815e-16 1.297940371619625832e+00
8.507604729955692164e+03 1.914931082262429648e-16 1.297940371619625832e+00
8.510364828852674691e+03 1.822487365060951968e-16 1.297940371619625832e+00
8.513125105370327219e+03 1.949245853170399022e-16 1.297940371619625832e+00
8.515885559372261923e+03 1.866226157623934985e-16 1.297940371619625832e+00
8.518646190722092797e+03 1.794266953125525255e-16 1.297940371619625832e+00
8.521406999283432015e+03 1.917909848045502707e-16 1.297940371619625832e+00
8.524167984919889932e+03 1.978769090477694891e-16 1.297940371619625832e+00
8.526929147495082361e+03 1.837912678734391038e-16 1.297940371619625832e+00
8.529690486872617839e+03 1.914746535407372244e-16 1.297940371619625832e+00
8.532452002916112178e+03 1.860776115011732822e-16 1.297940371619625832e+00
8.535213695489175734e+03 1.858774983983833034e-16 1.297940371619625832e+00
8.537975564455420681e+03 1.829489704768108596e-16 1.297940371619625832e+00
8.540737609678461013e+03 1.751079853120990540e-16 1.297940371619625832e+00
8.543499831021907085e+03 1.916303410653854782e-16 1.297940371619625832e+00
8.546262228349372890e+03 1.953626722339890477e-16 1.297940371619625832e+00
8.549024801524468785e+03 2.068584750088781870e-16 1.297940371619625832e+00
8.551787550410810582e+03 1.926874816037973034e-16 1.297940371619625832e+00
8.554550474872008635e+03 2.024143689223983740e-16 1.297940371619625832e+00
8.557313574771673302e+03 2.250730166189641255e-16 1.297940371619625832e+00
8.560076849973418575e+03 2.067486781740624135e-16 1.297940371619625832e+00
8.562840300340858448e+03 2.171292712590173192e-16 1.297940371619625832e+00
8.565603925737603277e+03 2.152922018057836597e-16 1.297940371619625832e+00
8.568367726027267054e+03 2.083160996240264155e-16 1.297940371619625832e+00
8.571131701073460135e+03 2.032287151997921988e-16 1.297940371619625832e+00
8.573895850739794696e+03 1.977285613316613259e-16 1.297940371619625832e+00
8.576660174889886548e+03 1.899932922621719026e-16 1.297940371619625832e+00
8.579424673387344228e+03 1.972619138985741124e-16 1.297940371619625832e+00
8.582189346095783549e+03 1.847695186354860970e-16 1.297940371619625832e+00
8.584954192878813046e+03 2.005591761854225145e-16 1.297940371619625832e+00
8.587719213600046714e+03 1.886900529710606778e-16 1.297940371619625832e+00
8.590484408123098547e+03 1.840973409460455421e-16 1.297940371619625832e+00
8.593249776311578898e+03 1.799389226994281221e-16 1.297940371619625832e+00
8.596015318029099944e+03 1.796719904444156678e-16 1.297940371619625832e+00
8.598781033139275678e+03 1.796253301800890558e-16 1.297940371619625832e+00
8.601546921505718274e+03 1.827230753648257626e-16 1.297940371619625832e+00
8.604312982992038087e+03 1.879002391105920795e-16 1.297940371619625832e+00
8.607079217461850931e+03 1.814189192877380998e-16 1.297940371619625832e+00
8.609845624778765341e+03 1.936099407158692972e-16 1.297940371619625832e+00
8.612612204806395312e+03 1.836790335833802363e-16 1.297940371619625832e+00
8.615378957408353017e+03 1.727617233548796699e-16 1.297940371619625832e+00
8.618145882448252451e+03 1.862225792953663166e-16 1.297940371619625832e+00
8.620912979789703968e+03 1.822009659639448669e-16 1.297940371619625832e+00
8.623680249296321563e+03 1.736007256539132986e-16 1.297940371619625832e+00
8.626447690831715590e+03 1.845409008452512935e-16 1.297940371619625832e+00
8.629215304259498225e+03 1.785994489178678836e-16 1.297940371619625832e+00
8.631983089443283461e+03 1.931118901805026668e-16 1.297940371619625832e+00
8.634751046246685291e+03 1.769651689638471765e-16 1.297940371619625832e+00
8.637519174533310434e+03 1.863659769218724571e-16 1.297940371619625832e+00
8.640287474166778338e+03 1.946279915700844893e-16 1.297940371619625832e+00
8.643055945010695723e+03 1.819300023397042574e-16 1.297940371619625832e+00
8.645824586928676581e+03 1.812417195281070782e-16 1.297940371619625832e+00
8.648593399784334906e+03 1.893999077167345520e-16 1.297940371619625832e+00
8.651362383441282873e+03 1.764189914762204332e-16 1.297940371619625832e+00
8.654131537763130837e+03 1.828781425240045589e-16 1.297940371619625832e+00
8.656900862613490972e+03 1.764800103703884210e-16 1.297940371619625832e+00
8.659670357855979091e+03 1.658570129151206645e-16 1.297940371619625832e+00
8.662440023354203731e+03 1.783907254620851047e-16 1.297940371619625832e+00
8.665209858971778885e+03 1.724993076735020616e-16 1.297940371619625832e+00
8.667979864572316728e+03 1.763029483642347770e-16 1.297940371619625832e+00
8.670750040019429434e+03 1.774559581894297128e-16 1.297940371619625832e+00
8.673520385176729178e+03 1.927444757683480664e-16 1.297940371619625832e+00
8.676290899907829953e+03 1.701779131532731618e-16 1.297940371619625832e+00
8.679061584076343934e+03 1.580531853238145263e-16 1.297940371619625832e+00
8.681832437545879657e+03 1.629639548180926859e-16 1.297940371619625832e+00
8.684603460180054753e+03 1.696015939643026870e-16 1.297940371619625832e+00
8.687374651842477761e+03 1.595132545251183403e-16 1.297940371619625832e+00
8.690146012396762671e+03 1.626355411421484706e-16 1.297940371619625832e+00
8.692917541706523480e+03 1.679866589194760215e-16 1.297940371619625832e+00
8.695689239635368722e+03 1.801060600651731749e-16 1.297940371619625832e+00
8.698461106046912391e+03 1.735995464926497279e-16 1.297940371619625832e+00
8.701233140804768482e+03 1.722413242276424075e-16 1.297940371619625832e+00
8.704005343772545530e+03 1.704926307448907650e-16 1.297940371619625832e+00
8.706777714813859347e+03 1.823969550489138102e-16 1.297940371619625832e+00
8.709550253792322110e+03 1.642363659599869938e-16 1.297940371619625832e+00
8.712322960571545991e+03 1.717171525637046869e-16 1.297940371619625832e+00
8.715095835015141347e+03 1.577511276823335316e-16 1.297940371619625832e+00
8.717868876986722171e+03 1.657588545232554022e-16 1.297940371619625832e+00
8.720642086349900637e+03 1.652233856372769510e-16 1.297940371619625832e+00
8.723415462968288921e+03 1.693011008210622163e-16 1.297940371619625832e+00
8.726189006705501015e+03 1.724789884533009864e-16 1.297940371619625832e+00
8.728962717425145456e+03 1.861523113108396948e-16 1.297940371619625832e+00
8.731736594990838057e+03 1.732254379493758617e-16 1.297940371619625832e+00
8.734510639266189173e+03 1.675302001927921780e-16 1.297940371619625832e+00
8.737284850114812798e+03 1.730939996467926454e-16 1.297940371619625832e+00
8.740059227400321106e+03 1.619625454935650823e-16 1.297940371619625832e+00
8.742833770986324453e+03 1.661009689387185044e-16 1.297940371619625832e+00
8.745608480736436832e+03 1.697009202044766746e-16 1.297940371619625832e+00
8.748383356514270417e+03 1.687258016538412665e-16 1.297940371619625832e+00
8.751158398183437384e+03 1.720696546477005538e-16 1.297940371619625832e+00
8.753933605607551726e+03 1.693968386083640217e-16 1.297940371619625832e+00
8.756708978650221979e+03 1.513978833701836308e-16 1.297940371619625832e+00
8.759484517175063957e+03 1.499395989925827650e-16 1.297940371619625832e+00
8.762260221045689832e+03 1.566950935956008235e-16 1.297940371619625832e+00
8.765036090125708142e+03 1.752140283826154766e-16 1.297940371619625832e+00
8.767812124278736519e+03 1.669153666936939579e-16 1.297940371619625832e+00
8.770588323368383499e+03 1.775684868081875937e-16 1.297940371619625832e+00
8.773364687258264894e+03 1.824816661403752342e-16 1.297940371619625832e+00
8.776141215811989241e+03 1.747415509221402592e-16 1.297940371619625832e+00
8.778917908893170534e+03 1.600389797492361751e-16 1.297940371619625832e+00
8.781694766365420946e+03 1.576232755706593040e-16 1.297940371619625832e+00
8.784471788092354473e+03 1.781837829860148150e-16 1.297940371619625832e+00
8.787248973937581468e+03 1.794445325479368195e-16 1.297940371619625832e+00
8.790026323764714107e+03 1.790988079877626660e-16 1.297940371619625832e+00
8.792803837437366383e+03 1.699057473183781974e-16 1.297940371619625832e+00
8.795581514819150470e+03 1.717233188922992185e-16 1.297940371619625832e+00
8.798359355773678544e+03 1.704446141398456643e-16 1.297940371619625832e+00
8.801137360164560960e+03 1.811101605325096769e-16 1.297940371619625832e+00
8.803915527855411710e+03 1.699626615961428654e-16 1.297940371619625832e+00
8.806693858709842971e+03 1.803752950205179699e-16 1.297940371619625832e+00
8.809472352591468734e+03 1.607635529944818533e-16 1.297940371619625832e+00
8.812251009363897538e+03 1.616631650684217965e-16 1.297940371619625832e+00
8.815029828890747012e+03 1.668126732771886529e-16 1.297940371619625832e+00
8.817808811035623876e+03 1.631473917097551119e-16 1.297940371619625832e+00
8.820587955662143941e+03 1.772592730738929587e-16 1.297940371619625832e+00
8.823367262633919381e+03 1.506926549224904268e-16 1.297940371619625832e+00
8.826146731814560553e+03 1.824978939856504938e-16 1.297940371619625832e+00
8.828926363067683269e+03 1.769607838974529702e-16 1.297940371619625832e+00
8.831706156256896065e+03 1.667428363688596505e-16 1.297940371619625832e+00
8.834486111245812936e+03 1.691608252027877357e-16 1.297940371619625832e+00
8.837266227898047873e+03 1.772704258332696983e-16 1.297940371619625832e+00
8.840046506077211234e+03 1.753334359814661310e-16 1.297940371619625832e+00
8.842826945646915192e+03 1.844374628215722047e-16 1.297940371619625832e+00
8.845607546470771922e+03 1.861654428906924677e-16 1.297940371619625832e+00
8.848388308412397237e+03 1.940529848857426168e-16 1.297940371619625832e+00
8.851169231335399672e+03 2.047214887186076301e-16 1.297940371619625832e+00
8.853950315103391404e+03 2.094477931711989087e-16 1.297940371619625832e+00
8.856731559579988243e+03 2.426912598671632933e-16 1.297940371619625832e+00
8.859512964628798727e+03 2.714700419403202407e-16 1.297940371619625832e+00
8.862294530113438668e+03 3.176431729967220374e-16 1.297940371619625832e+00
8.865076255897518422e+03 3.151154881055719875e-16 1.297940371619625832e+00
8.867858141844648344e+03 2.863061401816842973e-16 1.297940371619625832e+00
8.870640187818446066e+03 2.626134690949182469e-16 1.297940371619625832e+00
8.873422393682518305e+03 2.385397804318345064e-16 1.297940371619625832e+00
8.876204759300482692e+03 2.164421942238732049e-16 1.297940371619625832e+00
8.878987284535947765e+03 2.121532605276798676e-16 1.297940371619625832e+00
8.881769969252527517e+03 2.044246459117272026e-16 1.297940371619625832e+00
8.884552813313832303e+03 2.035851624119981821e-16 1.297940371619625832e+00
8.887335816583477936e+03 1.826557318301355558e-16 1.297940371619625832e+00
8.890118978925074771e+03 1.991548354727706849e-16 1.297940371619625832e+00
8.892902300202233164e+03 1.880950802281249787e-16 1.297940371619625832e+00
8.895685780278570746e+03 1.921027007164940230e-16 1.297940371619625832e+00
8.898469419017694236e+03 1.874265889206924836e-16 1.297940371619625832e+00
8.901253216283219444e+03 1.961359288171804414e-16 1.297940371619625832e+00
8.904037171938758547e+03 1.819381267793224343e-16 1.297940371619625832e+00
8.906821285847920080e+03 1.759701133977396178e-16 1.297940371619625832e+00
8.909605557874321676e+03 1.844330391565122186e-16 1.297940371619625832e+00
8.912389987881575507e+03 1.826404840916345879e-16 1.297940371619625832e+00
8.915174575733288293e+03 1.731788898821918708e-16 1.297940371619625832e+00
8.917959321293077664e+03 1.990019916059525449e-16 1.297940371619625832e+00
8.920744224424553977e+03 2.012485366386131543e-16 1.297940371619625832e+00
8.923529284991329405e+03 1.852901642406362747e-16 1.297940371619625832e+00
8.926314502857017942e+03 1.768707231403117119e-16 1.297940371619625832e+00
8.929099877885229944e+03 1.787086412731925816e-16 1.297940371619625832e+00
8.931885409939579404e+03 1.850577264322782769e-16 1.297940371619625832e+00
8.934671098883676677e+03 1.931634752506007792e-16 1.297940371619625832e+00
8.937456944581135758e+03 1.876381582595185972e-16 1.297940371619625832e+00
8.940242946895568821e+03 1.967427206025495820e-16 1.297940371619625832e+00
8.943029105690588040e+03 1.807637453436847502e-16 1.297940371619625832e+00
8.945815420829805589e+03 2.012097546046868016e-16 1.297940371619625832e+00
8.948601892176835463e+03 2.174178029835937659e-16 1.297940371619625832e+00
8.951388519595286198e+03 2.397813229575333906e-16 1.297940371619625832e+00
8.954175302948773606e+03 2.376477485600546074e-16 1.297940371619625832e+00
8.956962242100908043e+03 2.267727140587972736e-16 1.297940371619625832e+00
8.959749336915303502e+03 2.320970282046355156e-16 1.297940371619625832e+00
8.962536587255572158e+03 1.919774166556742472e-16 1.297940371619625832e+00
8.965323992985324367e+03 1.930922280370146860e-16 1.297940371619625832e+00
8.968111553968174121e+03 1.956955133712522738e-16 1.297940371619625832e+00
8.970899270067733596e+03 2.020386167170496132e-16 1.297940371619625832e+00
8.973687141147616785e+03 2.086925438017017766e-16 1.297940371619625832e+00
8.976475167071432224e+03 2.019611954271191366e-16 1.297940371619625832e+00
8.979263347702795727e+03 2.034649029093304442e-16 1.297940371619625832e+00
8.982051682905317648e+03 1.971751003975395516e-16 1.297940371619625832e+00
8.984840172542611981e+03 1.853442067874947926e-16 1.297940371619625832e+00
8.987628816478289082e+03 1.871888892242529640e-16 1.297940371619625832e+00
8.990417614575962943e+03 1.787831984203746769e-16 1.297940371619625832e+00
8.993206566699243922e+03 1.809442413976822934e-16 1.297940371619625832e+00
8.995995672711746010e+03 1.988978684652014195e-16 1.297940371619625832e+00
8.998784932477083203e+03 2.066883417207381659e-16 1.297940371619625832e+00
9.001574345858865854e+03 2.053004559170470503e-16 1.297940371619625832e+00
9.004363912720704320e+03 2.120103661423262311e-16 1.297940371619625832e+00
9.007153632926216233e+03 1.949628619703184519e-16 1.297940371619625832e+00
9.009943506339008309e+03 1.941597812086082203e-16 1.297940371619625832e+00
9.012733532822696361e+03 1.914087014374689981e-16 1.297940371619625832e+00
9.015523712240890745e+03 1.982259902034031259e-16 1.297940371619625832e+00
9.018314044457205455e+03 1.886952336143692067e-16 1.297940371619625832e+00
9.021104529335252664e+03 1.947321619064004517e-16 1.297940371619625832e+00
9.023895166738642729e+03 2.198886021785167624e-16 1.297940371619625832e+00
9.026685956530991461e+03 2.153098098778053735e-16 1.297940371619625832e+00
9.029476898575909217e+03 2.291475854169207558e-16 1.297940371619625832e+00
9.032267992737008171e+03 2.257873436576440126e-16 1.297940371619625832e+00
9.035059238877900498e+03 2.354752652415513755e-16 1.297940371619625832e+00
9.037850636862200190e+03 2.498664826524220749e-16 1.297940371619625832e+00
9.040642186553517604e+03 2.509973643337716811e-16 1.297940371619625832e+00
9.043433887815466733e+03 2.519551559400103925e-16 1.297940371619625832e+00
9.046225740511657932e+03 2.519736512153448114e-16 1.297940371619625832e+00
9.049017744505705195e+03 2.644561039597258438e-16 1.297940371619625832e+00
9.051809899661220697e+03 2.874161397986914229e-16 1.297940371619625832e+00
9.054602205841816613e+03 3.043206035890374412e-16 1.297940371619625832e+00
9.057394662911105115e+03 2.994891293903603250e-16 1.297940371619625832e+00
9.060187270732700199e+03 2.859215520762291343e-16 1.297940371619625832e+00
9.062980029170212219e+03 2.870670114239822316e-16 1.297940371619625832e+00
9.065772938087251532e+03 2.575725922208570713e-16 1.297940371619625832e+00
9.068565997347435768e+03 2.555437327610945945e-16 1.297940371619625832e+00
9.071359206814373465e+03 2.580298966709525410e-16 1.297940371619625832e+00
9.074152566351676796e+03 2.848056577078268651e-16 1.297940371619625832e+00
9.076946075822961575e+03 2.820487149342844378e-16 1.297940371619625832e+00
9.079739735091836337e+03 3.019562362693375122e-16 1.297940371619625832e+00
9.082533544021916896e+03 3.016868215795788463e-16 1.297940371619625832e+00
9.085327502476811787e+03 3.091617210231102564e-16 1.297940371619625832e+00
9.088121610320135005e+03 2.982541695785328224e-16 1.297940371619625832e+00
9.090915867415500543e+03 3.023938757579536914e-16 1.297940371619625832e+00
9.093710273626520575e+03 2.932187881894940443e-16 1.297940371619625832e+00
9.096504828816803638e+03 3.061653392683109548e-16 1.297940371619625832e+00
9.099299532849967363e+03 3.122606201018599451e-16 1.297940371619625832e+00
9.102094385589618469e+03 2.982546875175853947e-16 1.297940371619625832e+00
9.104889386899376404e+03 3.187765187110185969e-16 1.297940371619625832e+00
9.107684536642846069e+03 3.286086694446506218e-16 1.297940371619625832e+00
9.110479834683645095e+03 3.424218177025225531e-16 1.297940371619625832e+00
9.113275280885383836e+03 3.655572168583023056e-16 1.297940371619625832e+00
9.116070875111672649e+03 3.886716099526571230e-16 1.297940371619625832e+00
9.118866617226129165e+03 3.654869651767289553e-16 1.297940371619625832e+00
9.121662507092361921e+03 3.582779844610107312e-16 1.297940371619625832e+00
9.124458544573983090e+03 3.697488308716891868e-16 1.297940371619625832e+00
9.127254729534604849e+03 4.017829363465534260e-16 1.297940371619625832e+00
9.130051061837843008e+03 4.226747373744572323e-16 1.297940371619625832e+00
9.132847541347306105e+03 4.208183130695875609e-16 1.297940371619625832e+00
9.135644167926606315e+03 4.218676587770356609e-16 1.297940371619625832e+00
9.138440941439359449e+03 4.427690296908109197e-16 1.297940371619625832e+00
9.141237861749177682e+03 4.433178669161757909e-16 1.297940371619625832e+00
9.144034928719669551e+03 4.623615751951719736e-16 1.297940371619625832e+00
9.146832142214450869e+03 4.648571755696234830e-16 1.297940371619625832e+00
9.149629502097131990e+03 4.738329335254823121e-16 1.297940371619625832e+00
9.152427008231325090e+03 4.967315003130490113e-16 1.297940371619625832e+00
9.155224660480644161e+03 5.009003873497769649e-16 1.297940371619625832e+00
9.158022458708701379e+03 5.046812489653348885e-16 1.297940371619625832e+00
9.160820402779107098e+03 5.395123969009877671e-16 1.297940371619625832e+00
9.163618492555477133e+03 5.536762104547925587e-16 1.297940371619625832e+00
9.166416727901420018e+03 5.937855602257215450e-16 1.297940371619625832e+00
9.169215108680551566e+03 6.090134217231246380e-16 1.297940371619625832e+00
9.172013634756480315e+03 6.205989369801640934e-16 1.297940371619625832e+00
9.174812305992822075e+03 6.306790254935518143e-16 1.297940371619625832e+00
9.177611122253189023e+03 6.262243766578757469e-16 1.297940371619625832e+00
9.180410083401191514e+03 6.259664891390565688e-16 1.297940371619625832e+00
9.183209189300441722e+03 6.754326124690886188e-16 1.297940371619625832e+00
9.186008439814553640e+03 7.044853615442966718e-16 1.297940371619625832e+00
9.188807834807139443e+03 7.382929538453933726e-16 1.297940371619625832e+00
9.191607374141811306e+03 7.688373534342729858e-16 1.297940371619625832e+00
9.194407057682181403e+03 7.846697567650819288e-16 1.297940371619625832e+00
9.197206885291861909e+03 7.757579397984550946e-16 1.297940371619625832e+00
9.200006856834464998e+03 8.058973913943373045e-16 1.297940371619625832e+00
9.202806972173602844e+03 8.466741686434037393e-16 1.297940371619625832e+00
9.205607231172889442e+03 9.265007769532973299e-16 1.297940371619625832e+00
9.208407633695935147e+03 1.002831302921572720e-15 1.297940371619625832e+00
9.211208179606353951e+03 1.101989363483296286e-15 1.297940371619625832e+00
9.214008868767758031e+03 1.131826123732198763e-15 1.297940371619625832e+00
9.216809701043757741e+03 1.118670644212124357e-15 1.297940371619625832e+00
9.219610676297968894e+03 1.098369265429340774e-15 1.297940371619625832e+00
9.222411794394000026e+03 1.159467993533640550e-15 1.297940371619625832e+00
9.225213055195465131e+03 1.283071482502087218e-15 1.297940371619625832e+00
9.228014458565976383e+03 1.541319346059275409e-15 1.297940371619625832e+00
9.230816004369149596e+03 1.880134948598248150e-15 1.297940371619625832e+00
9.233617692468589667e+03 2.059865308791953140e-15 1.297940371619625832e+00
9.236419522727916046e+03 1.998886283245483322e-15 1.297940371619625832e+00
9.239221495010739091e+03 1.792638956475521791e-15 1.297940371619625832e+00
9.242023609180669155e+03 1.538876536398884976e-15 1.297940371619625832e+00
9.244825865101320232e+03 1.328068102007947862e-15 1.297940371619625832e+00
9.247628262636302679e+03 1.224238669871114123e-15 1.297940371619625832e+00
9.250430801649232308e+03 1.149104550555129155e-15 1.297940371619625832e+00
9.253233482003717654e+03 1.145294207954106745e-15 1.297940371619625832e+00
9.256036303563376350e+03 1.174396234449943068e-15 1.297940371619625832e+00
9.258839266191815113e+03 1.250504573193590245e-15 1.297940371619625832e+00
9.261642369752647937e+03 1.301379721292949047e-15 1.297940371619625832e+00
9.264445614109490634e+03 1.271983384165818044e-15 1.297940371619625832e+00
9.267248999125949922e+03 1.208595591863196335e-15 1.297940371619625832e+00
9.270052524665643432e+03 1.100414523165585258e-15 1.297940371619625832e+00
9.272856190592181520e+03 9.890762299462379255e-16 1.297940371619625832e+00
9.275659996769172722e+03 8.953598304947743974e-16 1.297940371619625832e+00
9.278463943060236488e+03 8.067546862480897621e-16 1.297940371619625832e+00
9.281268029328981356e+03 7.794055162135707943e-16 1.297940371619625832e+00
9.284072255439017681e+03 7.037247857789797822e-16 1.297940371619625832e+00
9.286876621253959456e+03 6.940418283508902208e-16 1.297940371619625832e+00
9.289681126637420675e+03 6.842887019876842042e-16 1.297940371619625832e+00
9.292485771453015332e+03 6.715411033003112813e-16 1.297940371619625832e+00
9.295290555564348324e+03 6.663439057925206119e-16 1.297940371619625832e+00
9.298095478835039103e+03 6.624209557231556446e-16 1.297940371619625832e+00
9.300900541128699842e+03 6.112994016772830608e-16 1.297940371619625832e+00
9.303705742308937261e+03 5.768335995966168539e-16 1.297940371619625832e+00
9.306511082239368989e+03 5.357283906458243739e-16 1.297940371619625832e+00
9.309316560783605382e+03 5.229379457926135645e-16 1.297940371619625832e+00
9.312122177805256797e+03 5.242596390208675493e-16 1.297940371619625832e+00
9.314927933167940864e+03 4.406093312349893544e-16 1.297940371619625832e+00
9.317733826735264302e+03 4.536191248205404775e-16 1.297940371619625832e+00
9.320539858370844740e+03 4.040856476684130465e-16 1.297940371619625832e+00
9.323346027938288898e+03 3.866697526052790345e-16 1.297940371619625832e+00
9.326152335301214407e+03 3.604372948193750505e-16 1.297940371619625832e+00
9.328958780323231622e+03 3.415879056117980453e-16 1.297940371619625832e+00
9.331765362867950898e+03 3.837196117407479259e-16 1.297940371619625832e+00
9.334572082798986230e+03 3.670758029991126965e-16 1.297940371619625832e+00
9.337378939979949791e+03 3.509231633510730531e-16 1.297940371619625832e+00
9.340185934274455576e+03 3.209516471419249103e-16 1.297940371619625832e+00
9.342993065546113939e+03 2.985943140267193388e-16 1.297940371619625832e+00
9.345800333658537056e+03 2.636223658367842055e-16 1.297940371619625832e+00
9.348607738475337101e+03 2.400531970107191229e-16 1.297940371619625832e+00
9.351415279860129885e+03 2.784861759602962691e-16 1.297940371619625832e+00
9.354222957676523947e+03 3.091238611380119519e-16 1.297940371619625832e+00
9.357030771788133279e+03 3.320061936591048236e-16 1.297940371619625832e+00
9.359838722058570056e+03 3.126823255027524540e-16 1.297940371619625832e+00
9.362646808351444633e+03 3.041420228573002771e-16 1.297940371619625832e+00
9.365455030530374643e+03 3.249582616821373890e-16 1.297940371619625832e+00
9.368263388458966801e+03 3.104217883023458878e-16 1.297940371619625832e+00
9.371071882000835103e+03 2.791943019859793890e-16 1.297940371619625832e+00
9.373880511019593541e+03 2.188320732347931870e-16 1.297940371619625832e+00
9.376689275378852471e+03 2.309028978137145360e-16 1.297940371619625832e+00
9.379498174942225887e+03 3.183830816200475469e-16 1.297940371619625832e+00
9.382307209573325963e+03 3.059802963545667573e-16 1.297940371619625832e+00
9.385116379135763054e+03 2.880149338213912899e-16 1.297940371619625832e+00
9.387925683493151155e+03 2.548540074757165026e-16 1.297940371619625832e+00
9.390735122509104258e+03 2.623661812810202381e-16 1.297940371619625832e+00
9.393544696047232719e+03 2.913197966972099861e-16 1.297940371619625832e+00
9.396354403971145075e+03 3.025532951719248920e-16 1.297940371619625832e+00
9.399164246144462595e+03 3.382916097698263886e-16 1.297940371619625832e+00
9.401974222430790178e+03 3.381472826958881438e-16 1.297940371619625832e+00
9.404784332693743636e+03 3.091363592605325306e-16 1.297940371619625832e+00
9.407594576796935144e+03 3.518027465289146569e-16 1.297940371619625832e+00
9.410404954603975057e+03 2.882238475504232742e-16 1.297940371619625832e+00
9.413215465978477368e+03 3.071347083557933506e-16 1.297940371619625832e+00
9.416026110784054254e+03 2.499235770913860977e-16 1.297940371619625832e+00
9.418836888884317887e+03 2.606528288283658256e-16 1.297940371619625832e+00
9.421647800142880442e+03 2.853435931150875308e-16 1.297940371619625832e+00
9.424458844423354094e+03 2.918858937393712291e-16 1.297940371619625832e+00
9.427270021589352837e+03 2.618674770127760007e-16 1.297940371619625832e+00
9.430081331504487025e+03 2.201065825434982490e-16 1.297940371619625832e+00
9.432892774032368834e+03 1.684187375405183503e-16 1.297940371619625832e+00
9.435704349036612257e+03 1.847987421266247329e-16 1.297940371619625832e+00
9.438516056380831287e+03 2.128221212886243927e-16 1.297940371619625832e+00
9.441327895928632643e+03 1.668067293686248107e-16 1.297940371619625832e+00
9.444139867543632135e+03 2.120904193223522460e-16 1.297940371619625832e+00
9.446951971089443759e+03 2.315903724938999499e-16 1.297940371619625832e+00
9.449764206429677870e+03 3.302864053593744060e-16 1.297940371619625832e+00
9.452576573427944822e+03 3.400720773676053191e-16 1.297940371619625832e+00
9.455389071947862249e+03 3.255295381077466463e-16 1.297940371619625832e+00
9.458201701853038685e+03 2.458016287212332731e-16 1.297940371619625832e+00
9.461014463007086306e+03 2.365591873195577222e-16 1.297940371619625832e+00
9.463827355273617286e+03 2.524762956935419438e-16 1.297940371619625832e+00
9.466640378516247438e+03 2.637586878003818245e-16 1.297940371619625832e+00
9.469453532598585298e+03 3.398517563121381492e-16 1.297940371619625832e+00
9.472266817384246679e+03 3.223158018567755342e-16 1.297940371619625832e+00
9.475080232736840117e+03 3.165187984798655119e-16 1.297940371619625832e+00
9.477893778519979605e+03 2.834888890656357225e-16 1.297940371619625832e+00
9.480707454597279138e+03 2.453683609287394341e-16 1.297940371619625832e+00
9.483521260832347252e+03 2.562928779022171447e-16 1.297940371619625832e+00
9.486335197088799760e+03 2.443752174858974964e-16 1.297940371619625832e+00
9.489149263230248835e+03 2.388797009832677899e-16 1.297940371619625832e+00
9.491963459120306652e+03 2.512303871808236446e-16 1.297940371619625832e+00
9.494777784622583567e+03 2.648118799196976226e-16 1.297940371619625832e+00
9.497592239600693574e+03 2.139044432433636717e-16 1.297940371619625832e+00
9.500406823918248847e+03 2.115247626762609991e-16 1.297940371619625832e+00
9.503221537438861560e+03 1.847860764902079065e-16 1.297940371619625832e+00
9.506036380026143888e+03 2.051316481605676590e-16 1.297940371619625832e+00
9.508851351543708006e+03 1.592545720687024183e-16 1.297940371619625832e+00
9.511666451855166088e+03 2.348121828982342067e-16 1.297940371619625832e+00
9.514481680824133946e+03 2.384971504233418109e-16 1.297940371619625832e+00
9.517297038314218298e+03 2.131795229751890101e-16 1.297940371619625832e+00
9.520112524189034957e+03 1.977623917700599993e-16 1.297940371619625832e+00
9.522928138312196097e+03 2.012733470737036132e-16 1.297940371619625832e+00
9.525743880547313893e+03 1.952606539531500461e-16 1.297940371619625832e+00
9.528559750757998700e+03 2.181827217065143290e-16 1.297940371619625832e+00
9.531375748807866330e+03 1.954304421271468374e-16 1.297940371619625832e+00
9.534191874560525321e+03 2.152515363672463173e-16 1.297940371619625832e+00
9.537008127879591484e+03 2.208318775772961544e-16 1.297940371619625832e+00
9.539824508628676995e+03 1.990366106938747749e-16 1.297940371619625832e+00
9.542641016671390389e+03 2.194551553712559182e-16 1.297940371619625832e+00
9.545457651871347480e+03 1.874871821505035379e-16 1.297940371619625832e+00
9.548274414092160441e+03 1.994286325281097696e-16 1.297940371619625832e+00
9.551091303197441448e+03 2.198721674628458992e-16 1.297940371619625832e+00
9.553908319050800856e+03 2.324463029607716191e-16 1.297940371619625832e+00
9.556725461515852658e+03 1.924223865864681513e-16 1.297940371619625832e+00
9.559542730456210847e+03 2.045294694222457812e-16 1.297940371619625832e+00
9.562360125735483962e+03 1.988021797914557184e-16 1.297940371619625832e+00
9.565177647217285994e+03 1.705826976026617522e-16 1.297940371619625832e+00
9.567995294765230938e+03 1.978084858102415062e-16 1.297940371619625832e+00
9.570813068242932786e+03 2.179563429701516712e-16 1.297940371619625832e+00
9.573630967513996438e+03 2.625870748892049564e-16 1.297940371619625832e+00
9.576448992442041344e+03 2.560971472783261226e-16 1.297940371619625832e+00
9.579267142890676041e+03 2.403876524999911016e-16 1.297940371619625832e+00
9.582085418723514522e+03 1.639582030715436631e-16 1.297940371619625832e+00
9.584903819804168961e+03 1.473903401929708862e-16 1.297940371619625832e+00
9.587722345996251534e+03 1.049791631387517287e-16 1.297940371619625832e+00
9.590540997163374414e+03 1.160269920477731682e-16 1.297940371619625832e+00
9.593359773169151595e+03 1.111203476438950879e-16 1.297940371619625832e+00
9.596178673877191613e+03 1.156883581229770029e-16 1.297940371619625832e+00
9.598997699151110282e+03 1.923695419191787909e-16 1.297940371619625832e+00
9.601816848854519776e+03 2.513889547874243398e-16 1.297940371619625832e+00
9.604636122851032269e+03 2.351410708279642132e-16 1.297940371619625832e+00
9.607455521004256298e+03 2.392738093991981065e-16 1.297940371619625832e+00
9.610275043177809493e+03 2.813654604007719117e-16 1.297940371619625832e+00
9.613094689235302212e+03 1.828279095813931413e-16 1.297940371619625832e+00
9.615914459040344809e+03 1.288065736982166727e-16 1.297940371619625832e+00
9.618734352456554916e+03 7.120357211333475001e-17 1.297940371619625832e+00
9.621554369347539250e+03 9.125722812986983209e-17 1.297940371619625832e+00
9.624374509576911805e+03 8.868760512959757481e-17 1.297940371619625832e+00
9.627194773008286575e+03 1.886434166417013842e-16 1.297940371619625832e+00
9.630015159505275733e+03 2.375802842895617838e-16 1.297940371619625832e+00
9.632835668931489636e+03 2.743864662356296688e-16 1.297940371619625832e+00
9.635656301150542276e+03 2.038251062525537344e-16 1.297940371619625832e+00
9.638477056026044011e+03 1.246159531013146786e-16 1.297940371619625832e+00
9.641297933421610651e+03 9.281769091661195587e-17 1.297940371619625832e+00
9.644118933200850734e+03 8.602373287475199342e-17 1.297940371619625832e+00
9.646940055227380071e+03 1.187271717065765943e-16 1.297940371619625832e+00
9.649761299364810839e+03 1.836962048492941638e-16 1.297940371619625832e+00
9.652582665476751572e+03 1.903964583563770640e-16 1.297940371619625832e+00
9.655404153426816265e+03 2.228603884130612031e-16 1.297940371619625832e+00
9.658225763078618911e+03 1.980175970176103237e-16 1.297940371619625832e+00
9.661047494295773504e+03 1.485352415867354218e-16 1.297940371619625832e+00
9.663869346941886761e+03 1.489739471067094880e-16 1.297940371619625832e+00
9.666691320880574494e+03 1.251657267713508023e-16 1.297940371619625832e+00
9.669513415975448879e+03 1.254011157228700753e-16 1.297940371619625832e+00
9.672335632090123909e+03 1.587056429096253089e-16 1.297940371619625832e+00
9.675157969088209938e+03 2.188126594933626024e-16 1.297940371619625832e+00
9.677980426833317324e+03 1.702497464683318020e-16 1.297940371619625832e+00
9.680803005189063697e+03 1.991128695908028562e-16 1.297940371619625832e+00
9.683625704019055775e+03 1.183812788073244801e-16 1.297940371619625832e+00
9.686448523186909370e+03 1.330879984949014634e-16 1.297940371619625832e+00
9.689271462556236656e+03 1.209084101812087374e-16 1.297940371619625832e+00
9.692094521990647991e+03 1.295347250795433781e-16 1.297940371619625832e+00
9.694917701353759185e+03 1.341310033483038072e-16 1.297940371619625832e+00
9.697741000509178775e+03 1.339152292330150072e-16 1.297940371619625832e+00
9.700564419320520756e+03 1.539008010402817226e-16 1.297940371619625832e+00
9.703387957651397301e+03 1.651048120734357983e-16 1.297940371619625832e+00
9.706211615365422404e+03 1.472712463520801762e-16 1.297940371619625832e+00
9.709035392326206420e+03 1.561983531707437559e-16 1.297940371619625832e+00
9.711859288397361524e+03 1.818973199833279886e-16 1.297940371619625832e+00
9.714683303442503529e+03 1.270000001196781301e-16 1.297940371619625832e+00
9.717507437325239152e+03 1.409398483380956681e-16 1.297940371619625832e+00
9.720331689909184206e+03 1.336270727767820038e-16 1.297940371619625832e+00
9.723156061057950865e+03 1.257552498183914634e-16 1.297940371619625832e+00
9.725980550635151303e+03 1.534888082829511272e-16 1.297940371619625832e+00
9.728805158504397696e+03 1.617693952771663276e-16 1.297940371619625832e+00
9.731629884529304036e+03 1.478296763491882268e-16 1.297940371619625832e+00
9.734454728573480679e+03 1.524544992090743702e-16 1.297940371619625832e+00
9.737279690500537981e+03 1.511200503831542965e-16 1.297940371619625832e+00
9.740104770174091755e+03 1.136311100725284207e-16 1.297940371619625832e+00
9.742929967457754174e+03 1.263314592178675431e-16 1.297940371619625832e+00
9.745755282215137413e+03 1.103007861648633149e-16 1.297940371619625832e+00
9.748580714309851828e+03 1.101475210436583953e-16 1.297940371619625832e+00
9.751406263605511413e+03 1.331887658764851353e-16 1.297940371619625832e+00
9.754231929965728341e+03 1.738429101032433783e-16 1.297940371619625832e+00
9.757057713254114788e+03 1.768380798960706628e-16 1.297940371619625832e+00
9.759883613334281108e+03 1.390391571302105210e-16 1.297940371619625832e+00
9.762709630069844934e+03 1.622573898180661182e-16 1.297940371619625832e+00
9.765535763324412983e+03 9.268783052046442207e-17 1.297940371619625832e+00
9.768362012961602886e+03 7.879753734938995431e-17 1.297940371619625832e+00
9.771188378845021361e+03 7.688330405422812842e-17 1.297940371619625832e+00
9.774014860838286040e+03 1.057618439596338495e-16 1.297940371619625832e+00
9.776841458805005459e+03 1.480245238023747052e-16 1.297940371619625832e+00
9.779668172608793611e+03 1.682122821516765781e-16 1.297940371619625832e+00
9.782495002113262672e+03 1.960934755862007024e-16 1.297940371619625832e+00
9.785321947182022996e+03 1.833982687378081284e-16 1.297940371619625832e+00
9.788149007678692215e+03 1.635747155161496467e-16 1.297940371619625832e+00
9.790976183466877046e+03 1.470041575601745448e-16 1.297940371619625832e+00
9.793803474410193303e+03 7.188669060998830967e-17 1.297940371619625832e+00
9.796630880372249521e+03 9.904570404566578134e-17 1.297940371619625832e+00
9.799458401216663333e+03 1.239943538060489117e-16 1.297940371619625832e+00
9.802286036807043274e+03 1.121290457168580295e-16 1.297940371619625832e+00
9.805113787007005158e+03 1.089547362787028747e-16 1.297940371619625832e+00
9.807941651680155701e+03 9.950079391833100509e-17 1.297940371619625832e+00
9.810769630690112535e+03 9.916151210950668253e-17 1.297940371619625832e+00
9.813597723900486017e+03 9.255522214404624206e-17 1.297940371619625832e+00
9.816425931174888319e+03 9.844707852190869447e-17 1.297940371619625832e+00
9.819254252376933437e+03 6.448355445793071901e-17 1.297940371619625832e+00
9.822082687370229905e+03 1.171318927671514154e-16 1.297940371619625832e+00
9.824911236018393538e+03 1.453279480655757603e-16 1.297940371619625832e+00
9.827739898185034690e+03 1.405730540219184577e-16 1.297940371619625832e+00
9.830568673733767355e+03 1.238130604727911376e-16 1.297940371619625832e+00
9.833397562528203707e+03 1.370518272294310828e-16 1.297940371619625832e+00
9.836226564431955921e+03 1.062260595594702264e-16 1.297940371619625832e+00
9.839055679308636172e+03 1.273755452902483287e-16 1.297940371619625832e+00
9.841884907021856634e+03 1.116930617602604155e-16 1.297940371619625832e+00
9.844714247435229481e+03 1.409075516945251939e-16 1.297940371619625832e+00
9.847543700412366888e+03 1.282911547010809300e-16 1.297940371619625832e+00
9.850373265816881030e+03 1.518268721278365417e-16 1.297940371619625832e+00
9.853202943512385900e+03 1.324748092377489091e-16 1.297940371619625832e+00
9.856032733362493673e+03 7.922103948784186240e-17 1.297940371619625832e+00
9.858862635230814703e+03 1.003740228124173372e-16 1.297940371619625832e+00
9.861692648980962986e+03 1.035939178900878549e-16 1.297940371619625832e+00
9.864522774476550694e+03 8.838494521237825754e-17 1.297940371619625832e+00
9.867353011581188184e+03 1.038469196405405290e-16 1.297940371619625832e+00
9.870183360158491269e+03 9.616918556310929296e-17 1.297940371619625832e+00
9.873013820072070303e+03 9.000687562818119521e-17 1.297940371619625832e+00
9.875844391185537461e+03 1.309720550921691139e-16 1.297940371619625832e+00
9.878675073362506737e+03 9.198892762278409236e-17 1.297940371619625832e+00
9.881505866466588486e+03 1.030464953428093012e-16 1.297940371619625832e+00
9.884336770361394883e+03 1.051025957847905167e-16 1.297940371619625832e+00
9.887167784910539922e+03 1.365412627136889499e-16 1.297940371619625832e+00
9.889998909977635776e+03 1.059974803531533865e-16 1.297940371619625832e+00
9.892830145426294621e+03 1.282083392509788827e-16 1.297940371619625832e+00
9.895661491120128630e+03 1.151714543447316440e-16 1.297940371619625832e+00
9.898492946922749979e+03 1.062191948399340953e-16 1.297940371619625832e+00
9.901324512697769023e+03 9.151790067377482796e-17 1.297940371619625832e+00
9.904156188308803394e+03 9.886178894362620895e-17 1.297940371619625832e+00
9.906987973619459808e+03 8.224703100255762754e-17 1.297940371619625832e+00
9.909819868493354079e+03 1.021972436038899243e-16 1.297940371619625832e+00
9.912651872794096562e+03 1.125540393759715435e-16 1.297940371619625832e+00
9.915483986385301250e+03 1.062560213575644030e-16 1.297940371619625832e+00
9.918316209130582138e+03 1.265954871835144530e-16 1.297940371619625832e+00
9.921148540893545942e+03 1.168542054826712726e-16 1.297940371619625832e+00
9.923980981537810294e+03 9.003833166858873549e-17 1.297940371619625832e+00
9.926813530926985550e+03 7.627662728679800925e-17 1.297940371619625832e+00
9.929646188924682065e+03 8.722335160304714567e-17 1.297940371619625832e+00
9.932478955394517470e+03 6.651571097809125921e-17 1.297940371619625832e+00
9.935311830200098484e+03 7.610985439884453599e-17 1.297940371619625832e+00
9.938144813205042738e+03 1.003950869750661914e-16 1.297940371619625832e+00
9.940977904272956948e+03 1.025678097666076329e-16 1.297940371619625832e+00
9.943811103267456929e+03 1.128238305408510266e-16 1.297940371619625832e+00
9.946644410052154853e+03 1.299006439941253657e-16 1.297940371619625832e+00
9.949477824490662897e+03 1.045955682358067040e-16 1.297940371619625832e+00
9.952311346446593234e+03 8.861444090048177841e-17 1.297940371619625832e+00
9.955144975783558039e+03 6.217476683044575201e-17 1.297940371619625832e+00
9.957978712365169486e+03 6.751487360787982671e-17 1.297940371619625832e+00
9.960812556055039749e+03 9.681810702333768479e-17 1.297940371619625832e+00
9.963646506716781005e+03 7.116443642821956333e-17 1.297940371619625832e+00
9.966480564214009064e+03 8.261101020811021228e-17 1.297940371619625832e+00
9.969314728410330645e+03 1.140335360459595791e-16 1.297940371619625832e+00
9.972148999169361559e+03 1.218190235615380272e-16 1.297940371619625832e+00
9.974983376354713982e+03 1.297226193267978992e-16 1.297940371619625832e+00
9.977817859830000089e+03 1.327956259426185309e-16 1.297940371619625832e+00
9.980652449458832052e+03 1.430272077331621769e-16 1.297940371619625832e+00
9.983487145104822048e+03 1.119642362921205629e-16 1.297940371619625832e+00
9.986321946631582250e+03 1.280877833554328589e-16 1.297940371619625832e+00
9.989156853902724833e+03 1.087792312734908405e-16 1.297940371619625832e+00
9.991991866781863791e+03 1.502958975633267911e-16 1.297940371619625832e+00
9.994826985132609479e+03 8.705194764767945656e-17 1.297940371619625832e+00
9.997662208818575891e+03 5.633015540571537109e-17 1.297940371619625832e+00
1.000049753770337338e+04 7.315241403676537245e-17 1.297940371619625832e+00
1.000333297165061595e+04 8.708980835287058164e-17 1.297940371619625832e+00
1.000616851052391576e+04 7.389235988154767641e-17 1.297940371619625832e+00
1.000900415418688499e+04 9.179714593780317291e-17 1.297940371619625832e+00
1.001183990250313582e+04 9.274942095702185122e-17 1.297940371619625832e+00
1.001467575533628042e+04 1.310386322166090957e-16 1.297940371619625832e+00
1.001751171254993278e+04 8.979785694219632177e-17 1.297940371619625832e+00
1.002034777400770326e+04 9.641166896877298839e-17 1.297940371619625832e+00
1.002318393957320222e+04 8.583439057340464343e-17 1.297940371619625832e+00
1.002602020911004729e+04 1.090027958119788176e-16 1.297940371619625832e+00
1.002885658248184700e+04 8.570377573399757970e-17 1.297940371619625832e+00
1.003169305955221716e+04 7.129030746750696933e-17 1.297940371619625832e+00
1.003452964018476632e+04 7.781855924460165072e-17 1.297940371619625832e+00
1.003736632424311028e+04 9.118524681004488644e-17 1.297940371619625832e+00
1.004020311159085759e+04 9.165454872034903808e-17 1.297940371619625832e+00
1.004304000209162041e+04 1.169760331453386623e-16 1.297940371619625832e+00
1.004587699560901819e+04 1.180295750699376908e-16 1.297940371619625832e+00
1.004871409200665403e+04 1.712616278752180894e-16 1.297940371619625832e+00
1.005155129114814736e+04 1.673102460417412940e-16 1.297940371619625832e+00
1.005438859289710672e+04 1.937675269826222646e-16 1.297940371619625832e+00
1.005722599711714429e+04 1.778877162674181073e-16 1.297940371619625832e+00
1.006006350367187406e+04 1.429947901409149460e-16 1.297940371619625832e+00
1.006290111242491002e+04 1.358474480570612720e-16 1.297940371619625832e+00
1.006573882323985890e+04 6.651060591251463966e-17 1.297940371619625832e+00
1.006857663598034014e+04 9.800959139120964078e-17 1.297940371619625832e+00
1.007141455050996228e+04 7.773366452500354180e-17 1.297940371619625832e+00
1.007425256669233568e+04 1.128940221169705467e-16 1.297940371619625832e+00
1.007709068439107796e+04 1.083917310113401478e-16 1.297940371619625832e+00
1.007992890346979402e+04 1.125325965268680426e-16 1.297940371619625832e+00
1.008276722379210514e+04 1.271306840312770156e-16 1.297940371619625832e+00
1.008560564522161803e+04 1.113269609411466638e-16 1.297940371619625832e+00
1.008844416762194669e+04 1.246186208772245615e-16 1.297940371619625832e+00
1.009128279085670147e+04 9.203753736156948023e-17 1.297940371619625832e+00
1.009412151478949636e+04 7.184441450590168667e-17 1.297940371619625832e+00
1.009696033928394536e+04 8.022412038766671995e-17 1.297940371619625832e+00
1.009979926420365700e+04 7.917854723809175961e-17 1.297940371619625832e+00
1.010263828941224710e+04 8.072892514374472162e-17 1.297940371619625832e+00
1.010547741477332602e+04 8.598191757279972665e-17 1.297940371619625832e+00
1.010831664015050774e+04 8.836743742673151085e-17 1.297940371619625832e+00
1.011115596540740080e+04 5.825317655300598988e-17 1.297940371619625832e+00
1.011399539040762465e+04 8.188117284618339642e-17 1.297940371619625832e+00
1.011683491501478420e+04 8.587605985365520535e-17 1.297940371619625832e+00
1.011967453909249707e+04 8.532135960346263615e-17 1.297940371619625832e+00
1.012251426250437362e+04 7.632986988633250073e-17 1.297940371619625832e+00
1.012535408511402420e+04 1.064054069682537632e-16 1.297940371619625832e+00
1.012819400678506645e+04 8.831157395032129157e-17 1.297940371619625832e+00
1.013103402738110526e+04 1.020359654357899509e-16 1.297940371619625832e+00
1.013387414676576009e+04 6.278746930706700181e-17 1.297940371619625832e+00
1.013671436480263947e+04 7.523259184347019693e-17 1.297940371619625832e+00
1.013955468135535557e+04 8.824605043838912304e-17 1.297940371619625832e+00
1.014239509628752239e+04 1.190186712295472792e-16 1.297940371619625832e+00
1.014523560946275211e+04 1.053672461872370206e-16 1.297940371619625832e+00
1.014807622074465689e+04 9.605316672940505757e-17 1.297940371619625832e+00
1.015091692999684892e+04 1.279757456004866283e-16 1.297940371619625832e+00
1.015375773708293855e+04 1.257439896737985161e-16 1.297940371619625832e+00
1.015659864186654158e+04 1.042595923369011875e-16 1.297940371619625832e+00
1.015943964421127021e+04 1.190317182319772496e-16 1.297940371619625832e+00
1.016228074398073295e+04 1.223460969549435771e-16 1.297940371619625832e+00
1.016512194103854563e+04 1.223494814130619627e-16 1.297940371619625832e+00
1.016796323524832042e+04 1.245583400840535236e-16 1.297940371619625832e+00
1.017080462647366949e+04 1.129186955730928114e-16 1.297940371619625832e+00
1.017364611457820320e+04 9.778746182866469760e-17 1.297940371619625832e+00
1.017648769942553554e+04 6.686367453891513448e-17 1.297940371619625832e+00
1.017932938087927687e+04 4.683585852595070265e-17 1.297940371619625832e+00
1.018217115880304482e+04 4.840958401182186972e-17 1.297940371619625832e+00
1.018501303306044429e+04 7.605023869630803594e-17 1.297940371619625832e+00
1.018785500351509472e+04 1.224290277879082740e-16 1.297940371619625832e+00
1.019069707003060466e+04 9.306073282417618291e-17 1.297940371619625832e+00
1.019353923247058628e+04 1.214599697360683033e-16 1.297940371619625832e+00
1.019638149069865540e+04 1.099840931629042163e-16 1.297940371619625832e+00
1.019922384457841872e+04 7.552818927566696489e-17 1.297940371619625832e+00
1.020206629397349388e+04 8.966306964685218025e-17 1.297940371619625832e+00
1.020490883874748761e+04 8.173922648532979455e-17 1.297940371619625832e+00
1.020775147876401934e+04 8.666198497584483219e-17 1.297940371619625832e+00
1.021059421388669580e+04 9.730361669641014994e-17 1.297940371619625832e+00
1.021343704397913280e+04 1.190877075579552165e-16 1.297940371619625832e+00
1.021627996890493887e+04 1.155188194724967660e-16 1.297940371619625832e+00
1.021912298852773165e+04 8.914884444317005862e-17 1.297940371619625832e+00
1.022196610271111786e+04 1.030216746677548385e-16 1.297940371619625832e+00
1.022480931131871330e+04 1.057733544149121991e-16 1.297940371619625832e+00
1.022765261421413015e+04 8.842906257520717398e-17 1.297940371619625832e+00
1.023049601126098059e+04 6.659905697139977359e-17 1.297940371619625832e+00
1.023333950232287680e+04 1.094207967763683173e-16 1.297940371619625832e+00
1.023618308726343093e+04 4.067220558279104248e-17 1.297940371619625832e+00
1.023902676594625336e+04 7.078218301457887655e-17 1.297940371619625832e+00
1.024187053823495808e+04 1.020598141303918567e-16 1.297940371619625832e+00
1.024471440399315907e+04 6.796299305869828939e-17 1.297940371619625832e+00
1.024755836308446851e+04 8.433059464328106566e-17 1.297940371619625832e+00
1.025040241537249676e+04 9.649648433999900052e-17 1.297940371619625832e+00
1.025324656072085781e+04 1.379745157256654082e-16 1.297940371619625832e+00
1.025609079899316202e+04 8.143538239072303434e-17 1.297940371619625832e+00
1.025893513005302339e+04 9.330833387549971956e-17 1.297940371619625832e+00
1.026177955376405407e+04 1.212128392505694274e-16 1.297940371619625832e+00
1.026462406998986626e+04 9.874841469663443414e-17 1.297940371619625832e+00
1.026746867859407212e+04 9.921503086901941159e-17 1.297940371619625832e+00
1.027031337944028201e+04 9.012402023161486349e-17 1.297940371619625832e+00
1.027315817239211174e+04 9.861186440454017709e-17 1.297940371619625832e+00
1.027600305731317349e+04 6.133960750068148804e-17 1.297940371619625832e+00
1.027884803406707942e+04 8.295033672906127281e-17 1.297940371619625832e+00
1.028169310251743809e+04 5.394856293815413472e-17 1.297940371619625832e+00
1.028453826252786712e+04 5.865137581458408204e-17 1.297940371619625832e+00
1.028738351396197686e+04 1.256941662659055969e-16 1.297940371619625832e+00
1.029022885668337767e+04 7.931940240884475256e-17 1.297940371619625832e+00
1.029307429055568355e+04 7.307294950102838972e-17 1.297940371619625832e+00
1.029591981544250666e+04 7.898326586006153796e-17 1.297940371619625832e+00
1.029876543120745919e+04 5.995975808163706667e-17 1.297940371619625832e+00
1.030161113771415694e+04 7.012181745762263785e-17 1.297940371619625832e+00
1.030445693482620482e+04 7.944583333977280491e-17 1.297940371619625832e+00
1.030730282240722227e+04 1.077515934921270741e-16 1.297940371619625832e+00
1.031014880032081783e+04 9.748069666323500454e-17 1.297940371619625832e+00
1.031299486843060549e+04 9.934753306406757271e-17 1.297940371619625832e+00
1.031584102660019562e+04 1.289264515275437781e-16 1.297940371619625832e+00
1.031868727469320584e+04 9.019787572352850940e-17 1.297940371619625832e+00
1.032153361257324104e+04 7.395704707037206460e-17 1.297940371619625832e+00
1.032438004010391887e+04 9.393800025985575613e-17 1.297940371619625832e+00
1.032722655714884786e+04 1.112129083218287147e-16 1.297940371619625832e+00
1.033007316357164382e+04 1.298135522653315655e-16 1.297940371619625832e+00
1.033291985923591710e+04 1.194979134815481689e-16 1.297940371619625832e+00
1.033576664400528171e+04 1.335006800637983376e-16 1.297940371619625832e+00
1.033861351774334980e+04 9.615206606974873903e-17 1.297940371619625832e+00
1.034146048031373175e+04 1.203335512900059483e-16 1.297940371619625832e+00
1.034430753158004154e+04 7.309066999747793586e-17 1.297940371619625832e+00
1.034715467140589317e+04 1.047153361244634293e-16 1.297940371619625832e+00
1.035000189965489335e+04 9.350634978588014405e-17 1.297940371619625832e+00
1.035284921619065972e+04 1.419651622857510981e-16 1.297940371619625832e+00
1.035569662087680263e+04 6.565264786460346987e-17 1.297940371619625832e+00
1.035854411357693607e+04 1.257518150420742325e-16 1.297940371619625832e+00
1.036139169415467040e+04 9.626048471014590076e-17 1.297940371619625832e+00
1.036423936247361780e+04 1.236661545413454702e-16 1.297940371619625832e+00
1.036708711839739044e+04 1.539357540648080522e-16 1.297940371619625832e+00
1.036993496178960413e+04 1.219773992412324736e-16 1.297940371619625832e+00
1.037278289251386923e+04 9.954112446190296935e-17 1.297940371619625832e+00
1.037563091043379609e+04 9.403371629522318242e-17 1.297940371619625832e+00
1.037847901541299871e+04 1.137617277591434532e-16 1.297940371619625832e+00
1.038132720731509107e+04 1.008999540700082732e-16 1.297940371619625832e+00
1.038417548600368173e+04 1.579825913833322173e-16 1.297940371619625832e+00
1.038702385134238648e+04 1.281835596598462042e-16 1.297940371619625832e+00
