#lambda flux_corrected
3809.780493551755 8.994869E-16
3810.659020519133 1.0736927E-15
3811.5356576190284 4.844279E-16
3812.412496388137 4.914066299999999E-16
3813.291630289555 1.0764096E-15
3814.168873017869 9.105393E-16
3815.048411935859 5.406982E-16
3815.9260588094817 3.82818E-16
3816.8060029306343 3.27893E-16
3817.6840541357556 4.5546346E-16
3818.562307335403 1.0758428E-15
3819.442859369643 1.4453405999999998E-15
3820.321517180123 1.0510223999999999E-16
3821.202474884268 1.0134603999999998E-15
3822.081537491985 9.214287000000001E-16
3822.962901052926 8.439280999999999E-16
3823.8423686443693 9.236637999999998E-16
3824.7241382490856 1.0814650999999999E-15
3825.6040110108315 9.586047E-16
3826.48408618615 6.344332999999999E-16
3827.366464965097 1.0471496E-15
3828.246945590631 7.3945956E-16
3829.129730881063 7.827605199999999E-16
3830.010617143604 3.3933968999999997E-16
3830.893809132801 6.054081E-16
3831.7751012192257 9.744964E-16
3832.6565960457365 5.2649746E-16
3833.5403981918244 4.1837929999999994E-16
3834.422299122584 9.814001E-16
3835.3065084359014 9.1293545E-16
3836.1888156580017 8.369227E-16
3837.0734323261304 1.0888213E-15
3837.9561460267496 1.08297415E-15
3838.839062794496 8.935872E-16
3839.724290603761 5.349872000000001E-16
3840.6076141308436 7.034735999999999E-16
3841.4932497641403 6.1893544E-16
3842.376980237953 4.2537646E-16
3843.2630238831666 7.806293499999999E-16
3844.1471614911898 9.834459E-16
3845.0315024939073 7.3125596E-16
3845.9181582660904 1.4494827999999998E-16
3846.8029066842887 1.1057588E-15
3847.6899709383656 1.1366301E-15
3848.575126959741 8.774293E-16
3849.4625998838987 7.160802000000001E-16
3850.3481636962338 8.423272E-16
3851.2339312313597 1.0763531999999998E-15
3852.1220172699104 9.819865E-16
3853.0081928777204 6.762929999999999E-16
3853.896688057088 3.8334966E-16
3854.78327192558 4.2854533000000003E-16
3855.6721764342556 9.435382E-16
3856.5591687515152 7.938488E-16
3857.4463651201922 9.057296E-16
3858.3358837322767 8.913890999999998E-16
3859.2234888319 6.838688999999999E-16
3860.1134172447873 6.866514E-16
3861.001431263659 6.8238626E-16
3861.8917696661447 4.587206E-16
3862.780192792654 4.8649635E-16
3863.668820299736 3.2760155E-16
3864.5597737962416 8.7753E-16
3865.448810693595 7.8552904E-16
3866.3401746519544 7.043504E-16
3867.229621128185 8.705503999999999E-16
3868.121395737497 9.099893E-16
3869.0112519812974 7.2474546E-16
3869.9013129353575 4.494771E-16
3870.7937036309 3.8400931E-16
3871.6841746356195 1.0679370999999999E-15
3872.576976455132 7.566704E-16
3873.467857699421 6.846101E-16
3874.3610708323085 4.753843E-16
3875.252362505165 8.914603E-16
3876.143859218499 1.0648859E-15
3877.0376894314263 6.337204E-16
3877.929596856874 4.960182699999999E-16
3878.8238388569566 8.288503E-16
3879.7161571837323 1.3478621E-15
3880.6108111606804 9.583916999999999E-16
3881.5035405780864 1.1166149000000001E-15
3882.396475366721 6.715893000000001E-16
3883.2917474191227 1.0632058000000001E-15
3884.1850935823913 1.3710065E-15
3885.080778086203 1.1998489E-15
3885.9745358136256 1.0578696E-15
3886.8706329588636 8.743411E-16
3887.7648024400473 6.664382E-16
3888.6591776237456 8.609712999999999E-16
3889.5558938414556 6.7649093E-16
3890.4506810633766 1.0232996E-15
3891.3478103978227 6.2575455E-16
3892.243009847793 7.2767625E-16
3893.1405524892984 7.220641E-16
3894.0361643572305 7.613463999999999E-16
3894.9341204962057 9.917482E-16
3895.8301449721007 6.0813484E-16
3896.726375577249 5.776291399999999E-16
3897.62495207299 9.736709E-16
3898.5215955711533 5.783629000000001E-16
3899.420586040659 6.866677E-16
3900.317642622057 7.970223E-16
3901.217047256046 8.65229E-16
3902.114517110986 9.711506999999999E-16
3903.0121934276863 8.415243E-16
3903.91221941914 6.3314896E-16
3904.810309294894 7.669105E-16
3905.710749927895 7.04233E-16
3906.6092535532293 8.248597E-16
3907.510109018803 9.118242E-16
3908.4090265843315 1.2357045E-15
3909.3081509446642 9.072451E-16
3910.2096287700156 4.899803600000001E-16
3911.109167356515 8.749155999999999E-16
3912.0110604922734 1.0465144000000001E-15
3912.911013495773 6.9545054E-16
3913.8133221332714 8.289825999999999E-16
3914.7136897446935 4.1535854E-16
3915.614264484501 6.372028E-16
3916.517196485707 1.1184862E-15
3917.4181861198704 1.0577596E-15
3918.321534101421 9.477562000000001E-16
3919.2229388210817 7.773786E-16
3920.126702974619 5.660273E-16
3921.028522971007 4.3491699999999997E-16
3921.9305504298995 5.4188027E-16
3922.834938952694 9.315186499999998E-16
3923.7373819752092 1.0523675E-15
3924.6421871493676 8.336119999999999E-16
3925.5450459269555 1.1737128E-15
3926.4502679444286 9.736789999999999E-16
3927.3535426686276 1.0241233E-15
3928.2570251899897 9.381562000000001E-16
3929.162872583891 6.424662999999999E-16
3930.066771339222 7.1434565E-16
3930.9730360565886 9.138545E-16
3931.877351237648 5.0594673E-16
3932.78403347074 4.5348296E-16
3933.6887652693745 5.584052E-16
3934.5937052003706 6.8846407E-16
3935.5010138186867 6.807222399999999E-16
3936.4063706550796 9.163401E-16
3937.314097270046 7.3127074E-16
3938.219871203905 5.795141700000001E-16
3939.128016008093 8.150987E-16
3940.034207231573 1.0883729E-15
3940.9406069231536 1.2027799999999998E-15
3941.849379122989 7.865898E-16
3942.7561963924777 9.115275E-16
3943.665387263235 8.922448E-16
3944.5726223030097 9.91474E-16
3945.48223203757 1.1210079E-15
3946.389885040098 7.2177277E-16
3947.297746847006 6.033376E-16
3948.207984989267 1.0355759000000001E-15
3949.116265047679 1.0989528E-15
3950.026922536221 8.192634E-16
3950.9356210388255 6.325947E-16
3951.8466980668404 1.5236614E-15
3952.7558152064144 1.2127883E-15
3953.6651414871912 1.5828231E-15
3954.5768479365934 2.3730699999999997E-15
3955.486593143557 2.5651948999999997E-15
3956.398719615688 2.7428307E-15
3957.308883941837 3.1516079E-15
3958.221430630201 2.8826138E-15
3959.132014268624 2.0058796000000002E-15
3960.044981366815 1.6730025999999999E-15
3960.9559845106883 1.2155699E-15
3961.8671972296374 4.723323E-16
3962.780795054978 6.366464599999999E-16
3963.6924275691954 5.128059E-16
3964.606446288621 5.733392E-16
3965.518498791505 6.519872E-16
3966.4329385989217 5.705849E-16
3967.3454112839613 6.477735E-16
3968.2580938821434 6.6740623E-16
3969.173165434137 5.866749E-16
3970.086268504759 8.474778E-16
3971.001761629783 9.388859E-16
3971.915285366557 6.562206299999999E-16
3972.831200258829 8.348062999999999E-16
3973.7451448555557 1.0482555E-15
3974.659299704035 1.0282394E-15
3975.5758473599535 6.67969E-16
3976.4904233591387 4.0543237000000003E-16
3977.4073932681276 9.504988E-16
3978.3223906120415 8.831378000000001E-16
3979.239782968633 4.465789299999999E-16
3980.15520185139 3.5786583E-16
3981.0708313250575 7.4041023E-16
3981.9888574660067 9.230717E-16
3982.9049087697394 9.4639845E-16
3983.8233578448962 1.0415731E-15
3984.73983117303 8.606830000000001E-16
3985.6587033772407 7.211039E-16
3986.5755989242025 1.2481738E-15
3987.4927054017794 8.307491E-16
3988.412212412707 9.066538E-16
3989.329741400804 9.307076E-16
3990.2496720281756 1.0048558999999999E-15
3991.167623721442 9.644646E-16
3992.0879781604176 8.877523E-16
3993.006352753594 5.5986814E-16
3993.9249386176384 7.644089E-16
3994.845928887339 1.2719348999999998E-15
3995.764937943456 6.8475127E-16
3996.6863525129374 8.491374E-16
3997.6057849560907 1.17164135E-15
3998.5276240208273 8.269171999999999E-16
3999.447480046071 5.554993E-16
4000.367547682985 7.115737400000001E-16
4001.290023604107 6.321038200000001E-16
4002.2105151157443 5.234209500000001E-16
4003.133416021086 6.451371E-16
4004.054331602727 8.210826E-16
4004.9776576880777 8.950663E-16
4005.8989975350905 8.276823999999999E-16
4006.8205493351243 9.709830999999999E-16
4007.7445133041747 1.0597708000000001E-15
4008.6664896626858 7.476359E-16
4009.5908793014987 8.050199499999999E-16
4010.5132804140812 8.308165000000001E-16
4011.4380959187624 7.99233E-16
4012.3609219811 9.388439E-16
4013.283960338361 1.1121267E-15
4014.209414755713 1.1515385E-15
4015.1328783563076 1.2270666999999998E-15
4016.0587591300714 1.1851207E-15
4016.9826481699088 1.0565425E-15
4017.908955496506 7.529471400000001E-16
4018.833270171586 8.509045999999999E-16
4019.757797484042 9.931789999999999E-16
4020.684744753942 8.494861E-16
4021.609697995693 6.114513E-16
4022.5370723097603 7.6444516E-16
4023.462451677031 1.0028394E-15
4024.3902532320058 7.5270257E-16
4025.316058921112 9.110344E-16
4026.2420775906007 7.466613999999999E-16
4027.170520121172 6.337898E-16
4028.0969654070227 9.239264E-16
4029.025835670627 9.243531000000002E-16
4029.952707769382 5.593793E-16
4030.882005963077 6.391002699999999E-16
4031.8093050713683 7.5410156E-16
4032.7390313923 5.780058000000001E-16
4033.666757706851 8.027991999999999E-16
4034.594697443621 8.610582999999999E-16
4035.5250660698825 8.735563000000001E-16
4036.4534333080496 8.430348E-16
4037.384230554696 1.0288557000000001E-15
4038.3130254912094 9.230755E-16
4039.244251555706 7.4285083E-16
4040.1734743876063 7.4954643E-16
4041.1029109859983 8.998053E-16
4042.034780391928 1.0203252E-15
4042.96464518132 1.0068285E-15
4043.8969438990434 1.0205511E-15
4044.827237076703 1.302289E-15
4045.759965304004 1.0836252999999999E-15
4046.6906870672897 1.1879193999999999E-15
4047.6216229418937 1.0955725E-15
4048.554995548403 1.2005108999999999E-15
4049.4863603047233 1.0514328E-15
4050.42016291555 8.620207E-16
4051.351956751172 8.128475999999999E-16
4052.286189564419 8.423365E-16
4053.2184126770194 9.746609E-16
4054.1508502463216 6.9911838E-16
4055.085728478227 8.433959E-16
4056.0185956210753 9.308318999999998E-16
4056.953904550938 9.995146999999999E-16
4057.8872014652375 8.38814E-16
4058.822941291481 5.5190163E-16
4059.756668175226 7.551167E-16
4060.6906098616137 9.886151E-16
4061.626996147642 7.860942999999999E-16
4062.5613681005216 8.210566999999999E-16
4063.4981857792677 1.0122104E-15
4064.4329881968633 7.0415473E-16
4065.37023746707 4.529859499999999E-16
4066.305470547696 5.74616E-16
4067.2409187774633 6.0757456E-16
4068.1788155502604 3.8394039E-16
4069.114694740583 4.519865E-16
4070.053023601979 5.114318E-16
4070.9893339514015 3.6612008E-16
4071.928095100459 4.855199E-16
4072.864836807615 7.5618052E-16
4073.8017940109703 4.809098E-16
4074.741203707106 3.7263172E-16
4075.6785925662 8.793915E-16
4076.6184350479375 7.467489999999999E-16
4077.556255761635 6.8474813E-16
4078.4965312283575 7.9687247E-16
4079.4347839956135 1.0280773E-15
4080.3732526066856 1.1011194E-15
4081.314177666659 8.981717E-16
4082.2530786297752 6.7878804E-16
4083.1944371734776 5.970697E-16
4084.1337706878226 9.194943E-16
4085.07556291496 9.852437E-16
4086.015329179809 6.136478399999999E-16
4086.9553116366533 7.8584266E-16
4087.8977545049015 1.0453504E-15
4088.8381700112177 8.170871E-16
4089.7810470624486 7.223386E-16
4090.7218958177423 8.190201999999999E-16
4091.6652072519837 8.439206E-16
4092.6064894558535 1.1421661E-15
4093.547988200457 1.0613458E-15
4094.49195132536 8.238121E-16
4095.4338838179888 8.86136E-16
4096.378281826256 8.669183E-16
4097.320648266737 9.396881E-16
4098.26548135872 1.1799492000000001E-15
4099.208281946973 9.717241E-16
4100.151299425264 9.397394E-16
4101.096785259151 1.05991125E-15
4102.040237185147 7.55577E-16
4102.98615860391 8.853108E-16
4103.93004517776 1.0942076E-15
4104.876402382072 1.0594673E-15
4105.8207238040195 1.4525207999999998E-15
4106.767516994647 9.281785E-16
4107.712273465026 9.865875E-16
4108.65724727539 9.028865E-16
4109.604694562065 7.038201299999999E-16
4110.550103721414 6.7366840000000005E-16
4111.497987496605 8.459254E-16
4112.443832205507 1.0623158999999998E-15
4113.392152670303 7.5166097E-16
4114.338433129414 1.0243532E-15
4115.2849312791 8.596386000000001E-16
4116.233906895068 8.938894E-16
4117.180841096004 1.0218835999999999E-15
4118.130253904588 1.0921099E-15
4119.077624357661 8.570759999999999E-16
4120.0274745602765 8.422811E-16
4120.975281466467 8.653534999999999E-16
4121.923306414392 7.2467775E-16
4122.873812825004 8.453281E-16
4123.822274527573 5.313385E-16
4124.773218836039 7.501207E-16
4125.722117494464 8.189645000000001E-16
4126.673499902521 9.805747E-16
4127.622835718109 8.722797E-16
4128.572389927153 8.901133E-16
4129.524429601738 7.52514E-16
4130.474421269957 5.987364E-16
4131.426899548768 7.5090556E-16
4132.377328877698 9.779355999999999E-16
4133.330245962801 1.0228381E-15
4134.281113154072 9.043673999999998E-16
4135.2321990910905 6.1812916E-16
4136.18577450296 1.0606674E-15
4137.137298604819 9.799816999999999E-16
4138.0913133284275 1.0600106E-15
4139.043275796989 9.875498999999999E-16
4139.99773003473 9.516999E-16
4140.950131071949 8.28067E-16
4141.9027512077755 7.894267E-16
4142.85786483423 9.67484E-16
4143.810923841702 8.210943999999999E-16
4144.766477488551 9.457674E-16
4145.719975569855 9.788852999999999E-16
4146.675969439816 9.629148E-16
4147.629906797235 9.905176E-16
4148.584063606689 1.1530154E-15
4149.540717929026 1.0288968E-15
4150.495314318069 8.239393E-16
4151.452409370599 1.021661E-15
4152.407445541747 1.197688E-15
4153.364981527513 1.0326501999999999E-15
4154.320457683372 1.1104523000000001E-15
4155.276153645265 1.1049550999999998E-15
4156.234351148784 9.066551000000001E-16
4157.1904873993535 9.931142E-16
4158.149126344008 8.657213999999999E-16
4159.105703086096 9.299545E-16
4160.064783675258 8.488714E-16
4161.021801111797 8.97674E-16
4161.979038708939 9.555317E-16
4162.938781882949 8.214347999999999E-16
4163.896460478998 7.978908E-16
4164.856645806234 8.821709E-16
4165.814765604359 7.976618E-16
4166.77539328852 1.0258425E-15
4167.733954491981 1.0774680999999999E-15
4168.692736211187 8.282678999999999E-16
4169.654027549014 6.2627563E-16
4170.613250978504 5.8480115E-16
4171.574985182794 7.0876029999999995E-16
4172.534650526063 6.3016806E-16
4173.4968278008455 4.55323E-16
4174.4569352614835 4.7319417E-16
4175.417263593581 3.2242790000000003E-16
4176.38010559257 2.720052E-16
4177.3408763474745 5.173534E-16
4178.304161927316 5.7958384E-16
4179.265375308852 5.700412E-16
4180.229104673904 6.5264874E-16
4181.190760885988 8.341702E-16
4182.154934240702 9.567156999999999E-16
4183.117033487348 9.900321999999998E-16
4184.079354063661 9.605871E-16
4185.044193521581 8.902082E-16
4186.006957438528 9.380862000000001E-16
4186.97224139753 1.1273865E-15
4187.935448859356 9.475538E-16
4188.901177524219 9.318029E-16
4189.864828735267 8.539583E-16
4190.8287016330105 8.120027E-16
4191.795097475572 8.518129999999999E-16
4192.759414429102 1.1293196999999998E-15
4193.726255489772 1.1012794E-15
4194.691016703665 1.0482406E-15
4195.658303187552 1.0780991E-15
4196.623508866479 8.863481999999999E-16
4197.588936589704 1.1869332E-15
4198.5568913275165 8.498613E-16
4199.522763822836 9.839328E-16
4200.491164496938 1.0650653E-15
4201.457481969258 1.0399244E-15
4202.426328785091 1.2223053E-15
4203.393091439412 7.244165E-16
4204.360076496212 5.144283E-16
4205.329592643932 5.966570999999999E-16
4206.297023190289 7.2911115E-16
4207.266985993639 1.0366187E-15
4208.23486223479 6.003957299999999E-16
4209.205271899543 5.105652E-16
4210.17359404082 5.4142456E-16
4211.142138943332 5.523187E-16
4212.113219019673 3.0681527E-16
4213.082210130363 3.0581526999999997E-16
4214.053737582835 6.673924E-16
4215.023175107271 7.1985345E-16
4215.995150141979 6.74228E-16
4216.965034285822 7.445238599999999E-16
4217.935141550239 6.9925895E-16
4218.907788077978 7.106099999999999E-16
4219.87834227035 1.0018832E-15
4220.851436895884 1.1935457E-15
4221.822438222112 1.1674703E-15
4222.795981151879 1.28862505E-15
4223.767429817958 1.3308009E-15
4224.739101964527 1.1755566E-15
4225.71331747051 1.1154078999999999E-15
4226.685437265976 1.153954E-15
4227.660101592581 1.0904391E-15
4228.632669243176 1.0077292E-15
4229.607782597174 1.1414294E-15
4230.5807983092245 1.2623187E-15
4231.554037862261 1.0345354E-15
4232.529824877411 1.2706168E-15
4233.503512801448 1.3753885E-15
4234.479749361212 1.3151643999999999E-15
4235.453885862814 1.1674487E-15
4236.430572174299 1.2288532999999998E-15
4237.405157460125 1.2241704999999998E-15
4238.379966948017 1.0316912E-15
4239.357328007337 1.1345189E-15
4240.332586589497 1.3371209E-15
4241.310397918594 1.014212E-15
4242.286105801921 9.489623E-16
4243.264367608233 1.0918202E-15
4244.240524999719 1.3368821E-15
4245.216906954929 1.1360522E-15
4246.195844597515 1.5180479E-15
4247.17267637143 9.261093000000001E-16
4248.152065010124 1.1453468000000001E-15
4249.129346809973 1.3318236E-15
4250.1091866525485 1.0933681E-15
4251.08691868566 1.1304235999999999E-15
4252.064875644741 1.2041862999999998E-15
4253.045392413782 1.154017E-15
4254.0237999171695 1.4553279E-15
4255.004768409822 1.3553267999999999E-15
4255.983626665083 1.3499413E-15
4256.965047089454 1.2351456E-15
4257.94435630425 1.3593666E-15
4258.926228868545 1.5461959E-15
4259.905989250631 1.4537008E-15
4260.885975025306 1.4496515E-15
4261.868525920381 1.3898130999999998E-15
4262.848963174038 1.2353328E-15
4263.831966729845 1.2737697E-15
4264.81285567048 1.1111709E-15
4265.796312095559 1.1256916999999998E-15
4266.777652931263 1.1876275E-15
4267.759219523137 1.2516872E-15
4268.7433553732135 1.272598E-15
4269.725374172352 1.1505806E-15
4270.709963413347 1.2266912E-15
4271.69243462808 1.4421737999999998E-15
4272.677477468872 1.5469151E-15
4273.660401307628 1.3776759999999999E-15
4274.643551266721 1.2095532E-15
4275.629274628493 1.414532E-15
4276.612877524305 1.4951632E-15
4277.5990550083625 1.1672797E-15
4278.583111049563 1.2360002E-15
4279.569742865119 1.1724911E-15
4280.554252260472 1.1812036499999999E-15
4281.538988140917 9.451857999999999E-16
4282.526301575202 1.1006835000000001E-15
4283.511491123 1.1695118E-15
4284.499259412117 1.2682141E-15
4285.484902836272 1.6853629999999999E-15
4286.473126189771 1.7831942E-15
4287.459223699386 1.4102381E-15
4288.445548059436 1.5145075999999999E-15
4289.434454131184 1.3042046E-15
4290.4212328904 1.3497744E-15
4291.410594550706 1.3143043E-15
4292.397827918428 9.949725E-16
4293.387645377183 1.0804029999999998E-15
4294.37533356285 1.0516001E-15
4295.363248964885 1.275193E-15
4296.353750243184 1.2952531E-15
4297.342120777377 1.1980378E-15
4298.333078379144 1.2487414E-15
4299.321904255175 1.2804238E-15
4300.313318390639 1.4939090999999998E-15
4301.302599818281 1.1392377E-15
4302.292108828816 1.2805213E-15
4303.284207886895 1.1801255E-15
4304.274172763761 1.2538567E-15
4305.266728881406 1.357562E-15
4306.257149834622 1.2401901000000001E-15
4307.2501632224 1.2615866999999999E-15
4308.2410404620805 1.203144E-15
4309.232145651767 1.1058887E-15
4310.22584506701 1.2902181E-15
4311.217406858387 1.4776196E-15
4312.211564070479 1.2357854E-15
4313.203582673904 1.00425415E-15
4314.198197893752 1.2465666999999999E-15
4315.190673519677 9.296386999999999E-16
4316.183377463316 1.0179101E-15
4317.178679817262 1.4197155E-15
4318.171841099136 1.1971536E-15
4319.167601988404 1.2488986E-15
4320.161220819211 1.3215605999999998E-15
4321.157440455049 1.0960839E-15
4322.15151704558 1.127337E-15
4323.145822322123 1.3580857E-15
4324.142730200476 1.2123399E-15
4325.13749355299 1.1716848E-15
4326.134860706329 1.1368866E-15
4327.130082345848 1.1593541999999998E-15
4328.127908985762 1.0163089E-15
4329.123589123418 1.1760935E-15
4330.119498315981 1.0538131999999999E-15
4331.118014308616 1.3724165E-15
4332.114382316072 1.4444159499999999E-15
4333.113358324551 1.2113909E-15
4334.110185358275 1.137255E-15
4335.109621594528 1.3176822E-15
4336.106907865995 1.4205266E-15
4337.106804542047 1.1665594999999999E-15
4338.104550262826 1.1736148E-15
4339.102525513697 1.3220573E-15
4340.103112972563 1.3336040999999999E-15
4341.101547990159 1.2062127E-15
4342.102596419193 1.2508164000000001E-15
4343.101491415328 1.3177279E-15
4344.103001026899 1.3760721E-15
4345.102356213485 1.1172459999999999E-15
4346.101941300419 1.0424109E-15
4347.104142809106 1.2971615999999999E-15
4348.104188404415 1.2549054E-15
4349.106851626862 1.0435988999999998E-15
4350.107357942704 9.949914E-16
4351.110483091622 6.981855399999999E-16
4352.111450340249 9.106704E-16
4353.112647860075 1.0903574000000001E-15
4354.116466022211 1.0963512E-15
4355.11812479326 1.0278302E-15
4356.1224054139475 1.0131511E-15
4357.124525648717 9.502048999999998E-16
4358.12926894101 1.1927457999999999E-15
4359.131850852098 1.1335318E-15
4360.134663405836 9.393827E-16
4361.140100829248 1.287531E-15
4362.143375378255 1.2376908999999998E-15
4363.14927600621 1.3204699E-15
4364.153012763326 1.4585288E-15
4365.159376809224 1.1685538E-15
4366.163575987388 1.1660662E-15
4367.1680061802535 1.1943411E-15
4368.175065476975 1.2917001E-15
4369.179958410354 1.4182718E-15
4370.187481658815 1.3899803000000001E-15
4371.192837545892 1.1524001E-15
4372.200824959837 1.0492279999999999E-15
4373.206644013894 1.2283453E-15
4374.212694455303 1.2529974E-15
4375.221378241581 1.1592776E-15
4376.227892169952 1.5424836999999999E-15
4377.237040656372 1.3281186E-15
4378.244018285232 1.0034349000000001E-15
4379.253631685881 1.334174E-15
4380.261073228858 1.1703238E-15
4381.268746532437 1.0953822E-15
4382.27905742874 1.1611478E-15
4383.2871949669325 1.2301121E-15
4384.297971312986 1.2581502000000001E-15
4385.306573299665 1.2740307E-15
4386.3178153099025 1.2752246E-15
4387.326881959038 1.2477674499999998E-15
4388.33618074263 1.2767346999999999E-15
4389.348121373652 1.33959675E-15
4390.357885140716 1.3141666E-15
4391.370291972307 1.1696706E-15
4392.380520937059 1.5526757E-15
4393.393394183998 1.234591E-15
4394.404088560755 1.3304636E-15
4395.415015446425 1.5266279999999999E-15
4396.428588441096 1.3917496999999998E-15
4397.439981060304 1.2500761999999999E-15
4398.454021007572 1.1302562999999998E-15
4399.465879574879 1.0368223E-15
4400.480386689871 1.2080647E-15
4401.492711419941 1.45478735E-15
4402.505269033984 1.5179515999999999E-15
4403.520477025472 1.3143716E-15
4404.533501124329 1.1023743E-15
4405.549176821657 1.3303127999999998E-15
4406.5626676202355 1.3366095E-15
4407.578811238876 1.5273355999999999E-15
4408.592768952185 1.3418708000000001E-15
4409.606959925133 1.1780972E-15
4410.623805550856 1.12647E-15
4411.6384637611045 1.1415763E-15
4412.655777847124 1.2735039E-15
4413.67090350993 1.4231004999999999E-15
4414.688686272067 1.3153503000000001E-15
4415.704279602784 1.0020044999999999E-15
4416.722531256957 1.2611969E-15
4417.73859247104 1.2914386E-15
4418.75488742867 1.4322146E-15
4419.77384254627 1.2141448E-15
4420.790605710506 1.0720907999999999E-15
4421.810030260245 1.2354476999999998E-15
4422.827261846788 1.5649162999999999E-15
4423.847156044934 1.3160804E-15
4424.864856269587 1.30039625E-15
4425.882790614839 1.5919848999999998E-15
4426.903389411171 1.4324916999999998E-15
4427.921792718293 1.0790976E-15
4428.942861704006 9.045004E-16
4429.961734189049 8.72828E-16
4430.98327358076 1.2147656E-15
4432.002615459874 1.1476636E-15
4433.022191837247 1.1657094E-15
4434.044436963733 1.1976006999999998E-15
4435.06448305946 1.4662632999999999E-15
4436.087199133791 1.2825559E-15
4437.10771516427 1.170787E-15
4438.130902403412 1.1968135E-15
4439.151888585143 1.2195121E-15
4440.173109643404 1.284059E-15
4441.197003755741 1.3843178E-15
4442.218695290059 1.4530819E-15
4443.24306110993 1.3612906E-15
4444.265223337053 1.0712419999999999E-15
4445.290061081771 1.1857986E-15
4446.312694218547 1.3599645999999999E-15
4447.335562610734 1.3602785E-15
4448.361108368907 1.2248037E-15
4449.384447996076 1.254874E-15
4450.410466222694 1.2980776E-15
4451.434277301944 1.2446109E-15
4452.4607682146725 1.3561415999999999E-15
4453.4850509632015 1.4379572E-15
4454.509569346632 1.2212169E-15
4455.536769414913 9.950257999999999E-16
4456.561759793476 1.0373766E-15
4457.589433092342 1.1993105999999998E-15
4458.614895683487 1.3005903999999998E-15
4459.643042430955 1.0329067E-15
4460.668977452229 1.0134031E-15
4461.695148488507 1.2331094E-15
4462.724005535468 1.3708793999999998E-15
4463.750649328255 1.2162221E-15
4464.7799803691705 1.2913527E-15
4465.807097136267 1.4412794E-15
4466.836902389504 1.2185957999999999E-15
4467.864492348808 1.1664244E-15
4468.892318703833 1.39296E-15
4469.922835402349 1.4237639E-15
4470.951135276488 1.3383889999999998E-15
4471.982126733558 1.2335659E-15
4473.010900344962 1.0181776E-15
4474.0423667793075 1.1297456999999999E-15
4475.071614346226 1.4721134E-15
4476.101098690194 1.34312315E-15
4477.133277717454 1.3358498E-15
4478.163236344371 1.2365282000000001E-15
4479.19589089602 1.2181734E-15
4480.226324024388 1.3089191E-15
4481.259454319499 1.302809E-15
4482.290362167922 1.2827162E-15
4483.321507175339 1.1456327E-15
4484.355351212848 9.567975E-16
4485.386971268283 9.282791E-16
4486.42129159725 8.503672E-16
4487.453386919555 9.681774E-16
4488.488183759407 1.4150888999999999E-15
4489.520754567538 1.1869881E-15
4490.5535629172255 1.3892367999999999E-15
4491.589074650816 1.3087107E-15
4492.6223588148205 1.1817536999999999E-15
4493.658347608175 9.684153E-16
4494.692107805705 1.1553164E-15
4495.728573878606 1.2202581E-15
4496.762810328968 1.1670913E-15
4497.799753901298 1.1807829E-15
4498.834466823902 1.1536196E-15
4499.869417780855 1.1518182E-15
4500.907077730001 1.2897783E-15
4501.9425054883695 1.3778218E-15
4502.980643486962 1.3809363E-15
4504.016548266408 1.4714335999999999E-15
4505.055164534685 1.3119338000000001E-15
4506.091546554971 1.3253064999999999E-15
4507.128166993579 1.2785389999999998E-15
4508.167500794262 1.2515384E-15
4509.204598803415 1.140368E-15
4510.244411424686 1.0018168E-15
4511.281987224401 1.065713E-15
4512.322278886854 1.1872183E-15
4513.360332697247 1.4087103999999999E-15
4514.398625310555 1.3519666E-15
4515.439635662869 1.1417526E-15
4516.4784066170905 1.321306E-15
4517.5198965623795 1.20368395E-15
4518.559146077888 1.2519896E-15
4519.601115837101 1.0471572E-15
4520.640844134369 1.0712305E-15
4521.680811619765 1.3817449E-15
4522.723501228157 1.2068662E-15
4523.763947826081 1.3703602E-15
4524.807117801081 1.1531303E-15
4525.84804373226 1.3867634E-15
4526.891694295173 1.4361601E-15
4527.9330997804345 1.3891773000000001E-15
4528.974744839658 1.4237963E-15
4530.019116412942 1.2331561E-15
4531.061241357551 1.0425319E-15
4532.106094072323 1.1117587E-15
4533.148699123401 1.0358041E-15
4534.194033201322 1.0140332E-15
4535.237118580052 1.1596703E-15
4536.280443919203 1.1733516E-15
4537.326500170559 1.0893054E-15
4538.370306169199 1.2503035E-15
4539.416844338172 1.2320743E-15
4540.461131217741 1.2152328999999999E-15
4541.508151526354 1.1619282E-15
4542.552919508393 1.3235920999999999E-15
4543.597927837933 1.2856994999999999E-15
4544.645671484917 9.03524E-16
4545.6911612493 9.416329E-16
4546.739387591287 1.2164409E-15
4547.785359012308 1.2102007999999999E-15
4548.834068271673 1.3105912E-15
4549.880521571232 1.1055876E-15
4550.927215605997 1.3847357999999999E-15
4551.976649370554 1.1785367E-15
4553.023825616765 8.58201E-16
4554.073742854959 9.518129E-16
4555.1214015347705 1.2352919999999998E-15
4556.171802469338 1.2619046E-15
4557.219943805007 1.2118296E-15
4558.268326264212 1.3146661999999998E-15
4559.319452872673 1.4081548E-15
4560.36831832118 1.2089722E-15
4561.41992918317 1.0384328999999999E-15
4562.469277843492 1.0973952000000001E-15
4563.521373182108 1.1230945999999998E-15
4564.57120527686 1.0187035E-15
4565.621278884107 8.917757E-16
4566.674101067201 9.274226000000001E-16
4567.72465844286 1.2230639999999999E-15
4568.777965660635 1.0735497000000001E-15
4569.829007027579 8.313421999999999E-16
4570.882799503491 1.0144736E-15
4571.934325084694 9.156233E-16
4572.9886030422995 9.303072E-16
4574.040613060839 9.674225E-16
4575.092865092902 9.930702E-16
4576.147871402857 1.0864361E-15
4577.200608206932 1.1302092E-15
4578.256100557794 1.2726264E-15
4579.309322357215 1.3663634E-15
4580.365300972902 1.2578753999999999E-15
4581.419007991108 1.2328405999999998E-15
4582.472957413228 1.42628355E-15
4583.5296655561715 1.6043865E-15
4584.584100532291 1.3868607E-15
4585.641295500175 1.2872207E-15
4586.696216253988 1.2977722E-15
4587.753898271093 1.14629965E-15
4588.809305026397 8.322141E-16
4589.8649545766375 1.0269683999999999E-15
4590.923367297802 9.9947195E-16
4591.97950318529 1.1285232E-15
4593.038403516693 1.2272763E-15
4594.095025965484 1.1727384999999999E-15
4595.154414131766 1.3304557999999999E-15
4596.211523366019 1.4367596E-15
4597.268875786861 1.2767244E-15
4598.328995835904 1.1706429999999999E-15
4599.386835378505 1.1732673E-15
4600.4474438243515 1.2198957E-15
4601.505770713128 1.3377936E-15
4602.566867780783 1.1328725E-15
4603.625682240256 1.0058359E-15
4604.684740278603 1.2221242E-15
4605.7465704096185 1.1236302E-15
4606.806116355503 1.4398859E-15
4607.8684356711565 1.3039242E-15
4608.928469749355 1.0834566999999999E-15
4609.991278475013 1.018073E-15
4611.05180091041 1.2024254000000001E-15
4612.112567317599 1.141513E-15
4613.176110289124 1.0615766E-15
4614.2373653908935 1.3677986000000001E-15
4615.301398336162 1.3431697E-15
4616.3631423576535 1.1263522999999998E-15
4617.427665502395 1.4314652E-15
4618.489898668854 1.045856E-15
4619.552376200658 1.13854885E-15
4620.617634775679 1.3263037E-15
4621.680601790378 1.2895896E-15
4622.74635112952 1.4668086000000001E-15
4623.809807852619 1.2976684E-15
4624.876048181976 1.2062606999999999E-15
4625.939994839083 1.1978978E-15
4627.00418625572 1.273355E-15
4628.071163201682 1.2599919E-15
4629.1358448907995 1.604988E-15
4630.203313392534 1.5186895E-15
4631.268485580003 1.3861344000000001E-15
4632.33644586397 1.3499791E-15
4633.402108775759 1.3032849E-15
4634.468016841901 1.3719296E-15
4635.536714930711 1.4587357E-15
4636.603114060194 1.4636908E-15
4637.672304497706 1.3114546E-15
4638.739194916762 1.3190248E-15
4639.808877929803 1.0849132000000001E-15
4640.876259864769 1.3028696999999999E-15
4641.943887349547 1.291295E-15
4643.014309357584 1.222319E-15
4644.082428697839 1.2082153E-15
4645.153343848788 1.4242773E-15
4646.221955271115 1.391455E-15
4647.293363792167 1.5170033E-15
4648.36246752327 1.6191144999999998E-15
4649.431817200281 1.2578829999999999E-15
4650.503965908404 9.082288E-16
4651.573808234305 8.091898000000001E-16
4652.646450880829 9.786737999999999E-16
4653.716786082583 1.11049795E-15
4654.789922895066 9.398861999999999E-16
4655.86075119974 1.1462289999999999E-15
4656.934382405843 1.2936025000000001E-15
4658.005704040609 1.4351716E-15
4659.077272131509 1.1859849999999999E-15
4660.151645060236 1.2772557E-15
4661.223706822047 1.2795376E-15
4662.298574713873 1.3607493E-15
4663.371130374029 1.3282178999999999E-15
4664.446493456983 1.0876533E-15
4665.519543243024 1.3436229E-15
4666.592839882758 1.3838295E-15
4667.668945884809 1.2764757E-15
4668.742736991796 1.2701385E-15
4669.819338755372 1.4851722E-15
4670.893624557413 1.5686366E-15
4671.970722310911 1.4478328E-15
4673.045503035912 1.3117463000000001E-15
4674.120531012806 1.2537048E-15
4675.198372883806 1.2294507E-15
4676.273896125579 1.0962068000000001E-15
4677.352234557818 1.31241865E-15
4678.428253292638 1.477431E-15
4679.507088514882 1.2667484E-15
4680.5836029710235 1.1767212E-15
4681.660365077902 1.3910347E-15
4682.739945617984 1.4118665999999998E-15
4683.817203788654 1.5489566E-15
4684.897281690979 1.2875097E-15
4685.975036153978 1.12452135E-15
4687.055611647681 1.1504426E-15
4688.13386263165 1.2497572E-15
4689.21236166584 1.2635377999999998E-15
4690.293683679656 1.287532E-15
4691.37267957784 1.3911552E-15
4692.454499756195 1.4537296E-15
4693.533992747279 1.3967076E-15
4694.616311319677 1.3575839E-15
4695.69630163267 1.3024124E-15
4696.776540396015 1.1480038E-15
4697.859606692738 1.4594613E-15
4698.94034312157 1.4451638000000001E-15
4700.0239083864235 1.5056926E-15
4701.105142710015 1.2755115999999998E-15
4702.189207172873 1.3999309999999999E-15
4703.270939620604 1.3882712E-15
4704.352920919464 1.3668924E-15
4705.4377343128035 1.2984119E-15
4706.520214079935 1.3183766E-15
4707.60552724629 1.339787E-15
4708.688505711337 1.4552546499999999E-15
4709.774318880954 1.2755481E-15
4710.857796273665 1.4174374999999999E-15
4711.941522918928 1.5440751E-15
4713.028086227128 1.6450589999999997E-15
4714.112312144743 1.5468114E-15
4715.199376032144 1.1389059E-15
4716.284101452125 1.25788765E-15
4717.371666149343 1.3729346E-15
4718.45689130181 1.5838428499999998E-15
4719.542366108897 1.5681084E-15
4720.63068215475 1.4320527E-15
4721.716657039566 1.5298119E-15
4722.805474472105 1.5387284E-15
4723.891949665035 1.4580842E-15
4724.981268715249 1.6443314E-15
4726.068244446787 1.3422407E-15
4727.1554702356625 1.3449823E-15
4728.2455418465115 1.2910424000000001E-15
4729.333268519793 1.1644381E-15
4730.423842326117 1.3310843E-15
4731.512070114561 1.4482949E-15
4732.60314634772 1.2794791E-15
4733.69187548219 1.4129197E-15
4734.780855077367 1.4293248999999998E-15
4735.872685085119 1.18160515E-15
4736.962166372679 1.2116211E-15
4738.0544993859985 1.3982780999999999E-15
4739.144482597071 1.4668110999999999E-15
4740.237318847692 1.3810485E-15
4741.327804213513 1.40441065E-15
4742.421143933277 1.4193588E-15
4743.512131685189 1.3411365E-15
4744.6033704174 1.3550054E-15
4745.697465475495 1.7851617999999997E-15
4746.789206940873 1.528625E-15
4747.883806048043 1.553378E-15
4748.976050478196 1.4500533E-15
4750.071153866656 1.6582301999999999E-15
4751.1639014933 1.3730919999999998E-15
4752.2569005051 1.3996602E-15
4753.352760450329 1.5319032E-15
4754.446263006255 1.3642334E-15
4755.542627813643 1.2766165E-15
4756.636634145678 1.29123335E-15
4757.733504047812 1.3028628E-15
4758.828014388046 1.3699833E-15
4759.922776518945 1.5605503E-15
4761.020404198252 1.6663291999999998E-15
4762.115670685547 1.5554135E-15
4763.213804041406 1.48611555E-15
4764.3095751174515 1.352408E-15
4765.408214382826 1.5835706999999999E-15
4766.504490280087 1.4880718E-15
4767.601018374178 1.476398E-15
4768.700416639098 1.4128282E-15
4769.797449903162 1.3249603999999999E-15
4770.897354660342 1.1920545999999999E-15
4771.99489332711 1.3853305E-15
4773.09530480989 1.2264509999999999E-15
4774.193349112202 1.5968730000000001E-15
4775.291646018162 1.4860483E-15
4776.392817724832 1.4319893E-15
4777.491620615656 1.4102855E-15
4778.593299631609 1.3580334E-15
4779.692608740404 1.7812696E-15
4780.794795299356 1.6923557E-15
4781.894610859337 1.5367888999999999E-15
4782.994679430442 1.6357615E-15
4784.0976274396035 1.4977271E-15
4785.198202811777 1.3720708E-15
4786.301658948563 1.5002454999999999E-15
4787.402741355289 1.5958921E-15
4788.506705853794 1.43062935E-15
4789.608295528664 1.6838951000000001E-15
4790.71013862279 1.5904961E-15
4791.8148657998 1.3102978E-15
4792.9172165125165 1.6029505E-15
4794.022452636814 1.4996908E-15
4795.125311201981 1.4009320999999999E-15
4796.231056508037 1.4804122E-15
4797.334423159623 1.4863764E-15
4798.438043639257 1.575311E-15
4799.544552854096 1.3957318E-15
4800.648681771162 1.5189669E-15
4801.755700754271 1.4920869E-15
4802.860338343005 1.4809901E-15
4803.967867329236 1.4808472E-15
4805.073013823984 1.2863962E-15
4806.1784145562315 1.3622337E-15
4807.286708683508 1.4483969E-15
4808.392618673348 1.385108E-15
4809.501423391203 1.3315008999999999E-15
4810.607842873252 1.4132799E-15
4811.717158416915 1.4863336E-15
4812.824087625894 1.3586028999999999E-15
4813.931271482483 1.4384574E-15
4815.041353401443 1.4142232E-15
4816.1490473371105 1.390213E-15
4817.259640670284 1.5844699999999999E-15
4818.367844920022 1.5132826E-15
4819.4789499030185 1.5931802E-15
4820.587664701929 1.3732016E-15
4821.696634559222 1.4354373E-15
4822.808507153757 1.5085679E-15
4823.917987912937 1.4857889E-15
4825.030372746649 1.1608937E-15
4826.14036464309 1.4461878E-15
4827.253261951967 1.3416884E-15
4828.363765221148 1.2105323E-15
4829.477175241288 1.0731255E-15
4830.588190118799 1.3726717E-15
4831.699460583821 1.5567391E-15
4832.813639807945 1.4226661E-15
4833.9254222347445 1.4658299E-15
4835.040114760708 1.4351779E-15
4836.152409385144 1.29374485E-15
4837.267615449427 1.3490949999999999E-15
4838.380422507469 1.4695479E-15
4839.493485565313 1.4004772000000001E-15
4840.6094620743825 1.3707034E-15
4841.723037919849 1.5174067000000001E-15
4842.8395285587685 1.4094525E-15
4843.953617428099 1.3959139E-15
4845.0706224337255 1.5240796E-15
4846.185224563271 1.4314309E-15
4847.300083105571 1.5279202E-15
4848.417859798791 1.3475208999999999E-15
4849.533231955894 1.5823797000000001E-15
4850.651523608307 1.3596085E-15
4851.767409616833 1.3423955E-15
4852.88621646568 1.5880517E-15
4854.002616562361 1.307783E-15
4855.119273485418 1.51927E-15
4856.23885326667 1.4463622E-15
4857.356024633042 1.4963810999999999E-15
4858.476120204169 1.5871678E-15
4859.5938062508585 1.5403356999999999E-15
4860.714417849485 1.3123671E-15
4861.832618813606 1.2470056E-15
4862.951077018391 1.5225806999999999E-15
4864.072462796241 1.5222611E-15
4865.19143627419 1.4479051E-15
4866.3133386739355 1.4308125499999998E-15
4867.432827662436 1.4468361E-15
4868.555246922085 1.4284903E-15
4869.675251658631 1.4885376E-15
4870.795514050795 1.5569294E-15
4871.918708738499 1.4035047E-15
4873.039487235016 1.5655362E-15
4874.16319937798 1.556822E-15
4875.284494216618 1.4608294E-15
4876.408724053234 1.5379518E-15
4877.530535471874 1.5244169E-15
4878.652604961756 1.3427117E-15
4879.7776114772705 1.351908E-15
4880.900197904034 1.5338302999999999E-15
4882.025722709517 1.4667308E-15
4883.148826311316 1.4062944E-15
4884.274869645543 1.5970542E-15
4885.398490660639 1.2959188E-15
4886.522370163272 1.4446038E-15
4887.649191429261 1.4642281E-15
4888.773588702648 1.5704255E-15
4889.90092909466 1.3425050000000001E-15
4891.025844377338 1.6151499E-15
4892.153704134535 1.5255297E-15
4893.27913766515 1.5915005E-15
4894.40483010027 1.7791523E-15
4895.533469044111 1.6119676999999999E-15
4896.659680085203 1.3987673E-15
4897.78883899247 1.5474258E-15
4898.915568878454 1.5596564E-15
4900.045247988694 1.5714382E-15
4901.172496958603 1.4381336E-15
4902.300005250657 1.3452745E-15
4903.430464804449 1.6329246999999999E-15
4904.558492539038 1.6276398E-15
4905.68947289501 1.497826E-15
4906.818020311442 1.5802148E-15
4907.949521709528 1.5676627E-15
4909.07858904722 1.6203817E-15
4910.207916125368 1.5699116E-15
4911.340199225942 1.4061685E-15
4912.47004658454 1.46279125E-15
4913.602851327402 1.4767476E-15
4914.733219206142 1.42634115E-15
4915.866545831613 1.6277802999999997E-15
4916.997434470299 1.5998592E-15
4918.131283218808 1.4202332E-15
4919.262692857354 1.3962132999999999E-15
4920.3943627752 1.4958034E-15
4921.528994847874 1.5293047E-15
4922.661186125515 1.5528439499999999E-15
4923.796340922647 1.4524931E-15
4924.929053800272 1.40348625E-15
4926.064731562681 1.5906369E-15
4927.1979662805925 1.5732761E-15
4928.331461697661 1.4347652999999999E-15
4929.467924047816 1.4208698E-15
4930.601941665687 1.4296035E-15
4931.7389275835085 1.3918532000000001E-15
4932.8734676427575 1.4975803000000001E-15
4934.010977369452 1.4677761999999999E-15
4935.146040110769 1.4824289E-15
4936.281363971778 1.6153016999999997E-15
4937.419659551839 1.7053701E-15
4938.555506456012 1.5195711E-15
4939.694326448307 1.5128377E-15
4940.830696636611 1.5385497E-15
4941.970041282737 1.4171379E-15
4943.106934996247 1.5658932E-15
4944.244090250662 1.4370972E-15
4945.384222017817 1.56202755E-15
4946.521901159119 1.6916128E-15
4947.662558184437 1.4414761E-15
4948.800761453981 1.5618055999999998E-15
4949.94194397945 1.5344399E-15
4951.0806716187 1.3350857E-15
4952.219661220747 1.413312E-15
4953.361632136952 1.4314783999999998E-15
4954.501146470968 1.4909773E-15
4955.643643492633 1.1094685E-15
4956.783682800363 1.5593183E-15
4957.926706169863 1.4660576E-15
4959.067270693162 1.5206480000000001E-15
4960.20809760183 1.7001577E-15
4961.351910633821 1.3048014E-15
4962.493263120905 1.5334993E-15
4963.637603107017 1.334169E-15
4964.779481414651 1.2554608E-15
4965.924348597652 1.3829621E-15
4967.066752968081 1.3859781E-15
4968.209420147135 1.4954093E-15
4969.3550782664315 1.4998352E-15
4970.498271871713 1.4957644999999999E-15
4971.644457795162 1.3942354E-15
4972.788178069195 1.6437239999999999E-15
4973.934892039956 1.5209348E-15
4975.079139225378 1.4472363E-15
4976.22364964336 1.2770319E-15
4977.3711558262785 1.4671237E-15
4978.5161935196675 1.5033300999999999E-15
4979.6642283581405 1.4185255E-15
4980.809793569852 1.4502503E-15
4981.9583573074315 1.3158169E-15
4983.1044502804925 1.5123900999999999E-15
4984.250806910737 1.5091761999999999E-15
4985.400164138392 1.3619023E-15
4986.547048894592 1.5397908E-15
4987.696935630577 1.36127825E-15
4988.844348756041 1.4809832999999999E-15
4989.994765244301 1.4644242E-15
4991.142706982447 1.3699176E-15
4992.2909128030815 1.5534186E-15
4993.442124061398 1.4729345E-15
4994.59085885991 1.6088883999999999E-15
4995.742600480708 1.2886682E-15
4996.891864500797 1.2846050999999999E-15
4998.044136728413 1.3566380499999998E-15
4999.193930213891 1.6173435000000001E-15
5000.34398820785 1.5850485E-15
5001.497056487568 1.3955291E-15
5002.647644312699 1.4004666999999999E-15
5003.801243810428 1.5582087E-15
5004.952361710824 1.5313849E-15
5006.106492671294 1.5451694E-15
5007.258140891163 1.5777277E-15
5008.412803559219 1.4274787E-15
5009.564982342876 1.2827104E-15
5010.717426183747 1.5576034999999999E-15
5011.872886555352 1.6414055E-15
5013.025861326555 1.4347291E-15
5014.181854018205 1.568925E-15
5015.335359964339 1.4535230999999998E-15
5016.491885221273 1.6140528E-15
5017.645922587049 1.4083817500000001E-15
5018.800225437605 1.3371111000000001E-15
5019.957549684866 1.5555413E-15
5021.112384322197 1.459314E-15
5022.27024174819 1.4299835E-15
5023.42560841729 1.4224428E-15
5024.58399926765 1.6121455999999998E-15
5025.739898213628 1.5511734999999999E-15
5026.896063072641 1.41915E-15
5028.055254202179 1.400155E-15
5029.211951705793 1.4061963E-15
5030.371676874134 1.4096711E-15
5031.528907267741 1.4003974E-15
5032.6891667209175 1.5110852E-15
5033.846930250017 1.5258376E-15
5035.004960121095 1.6329809999999998E-15
5036.166021144383 1.4957979E-15
5037.324584519273 1.3794759E-15
5038.486180442825 1.5758952000000001E-15
5039.645277567312 1.5455643E-15
5040.8074086375545 1.4403408999999999E-15
5041.967039757538 1.6432020000000002E-15
5043.126937649137 1.7097352999999997E-15
5044.289871582505 1.5464367E-15
5045.450303838512 1.53006935E-15
5046.613773534991 1.4253787000000001E-15
5047.774740401589 1.5474239E-15
5048.938746108006 1.4476531E-15
5050.1002478314895 1.4302087999999998E-15
5051.262016756918 1.5778815E-15
5052.4268266215595 1.5876471499999998E-15
5053.589130773381 1.5761367999999998E-15
5054.7544772653755 1.3496855E-15
5055.917316890169 1.4457487000000001E-15
5057.0832002567395 1.4734676999999999E-15
5058.246575601197 1.4049032E-15
5059.410218578622 1.3164816E-15
5060.576907400608 1.3676275E-15
5061.741086467802 1.4887175999999999E-15
5062.908312782775 1.5262072E-15
5064.0730281867145 1.5639245E-15
5065.240792242297 1.4504965E-15
5066.40604423007 1.5013737999999999E-15
5067.571564282532 1.51587925E-15
5068.740135092811 1.4169619999999999E-15
5069.906192099808 1.5357402E-15
5071.075301270106 1.484398E-15
5072.241895479014 1.5972693E-15
5073.411543257352 1.4834787E-15
5074.578674915658 1.6342648E-15
5075.746075071069 1.516389E-15
5076.9165309054815 1.482876E-15
5078.0844688815905 1.6402989999999998E-15
5079.255463944452 1.4072419999999998E-15
5080.423939989032 1.5546822E-15
5081.595474528764 1.3690723E-15
5082.764488889704 1.4806589999999999E-15
5083.9337721808615 1.5358368000000001E-15
5085.106116080145 1.5737178E-15
5086.27593805956 1.6669322999999998E-15
5087.448822057122 1.3710155E-15
5088.619182972969 1.5011225E-15
5089.792607317632 1.4989257E-15
5090.963507418198 1.5442143E-15
5092.134676882793 1.6212327999999998E-15
5093.308911892588 1.6025324E-15
5094.480620914401 1.6515370999999997E-15
5095.655396893707 1.4278814E-15
5096.827645721311 1.6255423E-15
5098.002962919354 1.5664072E-15
5099.1757518014365 1.4186563E-15
5100.351610467556 1.5856088E-15
5101.524939652921 1.5989497E-15
5102.698538761123 1.4619125E-15
5103.875209774134 1.4614696E-15
5105.049349558889 1.7053736E-15
5106.226562663679 1.518273E-15
5107.401243374075 1.5618862999999999E-15
5108.578998820384 1.5697855E-15
5109.754220705628 1.6048403E-15
5110.9297129491215 1.5885766E-15
5112.108282052721 1.3600657E-15
5113.284315844934 1.5006556E-15
5114.46342791476 1.6671672999999997E-15
5115.640003505184 1.3833183999999999E-15
5116.819658791383 1.5664640999999999E-15
5117.9967764296225 1.5886053E-15
5119.174164862229 1.49431925E-15
5120.35463511823 1.7023656999999999E-15
5121.532565973129 1.5892405E-15
5122.7135800712185 1.5535057E-15
5123.892053598303 1.4519685E-15
5125.073611789027 1.4063408000000001E-15
5126.252628238308 1.4630094E-15
5127.4319159187735 1.5854401E-15
5128.61429039393 1.6005307999999999E-15
5129.79412137167 1.6055917999999998E-15
5130.9770405661875 1.5923177E-15
5132.1574150915 1.4025979E-15
5133.34087925633 1.3646863E-15
5134.521797579627 1.5368109E-15
5135.702987571632 1.4503995E-15
5136.887269337644 1.3017538E-15
5138.0690035033185 1.4043784E-15
5139.253830867379 1.4656760999999999E-15
5140.436109457423 1.44238E-15
5141.621482670889 1.4382437E-15
5142.804305936119 1.4394433E-15
5143.987401308287 1.3746336E-15
5145.17359344181 1.4696338E-15
5146.357233865455 1.4609439E-15
5147.543972477131 1.4042097999999998E-15
5148.728158203358 1.4176199E-15
5149.915443544951 1.4058463E-15
5151.100174824981 1.3364347E-15
5152.2851786508845 1.3487888E-15
5153.473284233536 1.3090361E-15
5154.658833990141 1.1935357E-15
5155.847486932471 1.2603925E-15
5157.033582871286 1.3116999E-15
5158.222783425463 1.3719765999999999E-15
5159.409425798115 1.7911085E-15
5160.596341156286 1.9664946E-15
5161.786363274655 1.5875115E-15
5162.973825444168 1.3398977E-15
5164.164395805163 1.37435665E-15
5165.352405037935 1.3402452999999999E-15
5166.54352389413 1.3299085E-15
5167.7320804421925 1.244884E-15
5168.920910416126 1.368301E-15
5170.11285216178 1.312561E-15
5171.30222982912 1.3226587E-15
5172.494720701771 1.3179235E-15
5173.684646314839 1.4552417E-15
5174.877686567469 1.4374814E-15
5176.0681603787025 1.2523474E-15
5177.258908056871 1.4276778E-15
5178.452772526365 1.4219794E-15
5179.644068781426 1.4325364E-15
5180.838483263715 1.4924649000000001E-15
5182.0303283483945 1.4683058E-15
5183.22529309687 1.2748813999999999E-15
5184.417687264015 1.3519790999999999E-15
5185.610355739871 1.4768064E-15
5186.806146034755 1.3198351E-15
5187.999363972413 1.3742746999999999E-15
5189.19570516732 1.4415402999999999E-15
5190.389472819916 1.4193645999999998E-15
5191.586365168644 1.2161463E-15
5192.780682789431 1.3382413E-15
5193.978126545897 1.2967592E-15
5195.1729943882465 1.5243505000000001E-15
5196.368137108372 1.54571495E-15
5197.56640812388 1.574805E-15
5198.762101445691 1.5945150999999998E-15
5199.960924504088 1.4616417E-15
5201.157168681245 1.4813613999999998E-15
5202.356544036857 1.6734853999999997E-15
5203.55333932314 1.3771347E-15
5204.750409930605 1.4386655E-15
5205.950613879712 1.5034173E-15
5207.148235977039 1.4867873E-15
5208.348992859537 1.5809385999999999E-15
5209.547166700796 1.51079235E-15
5210.74847677142 1.4733333E-15
5211.947202610801 1.3651639E-15
5213.146204215484 1.3907038E-15
5214.3483442162105 1.5599559E-15
5215.547898200366 1.3399457E-15
5216.75059202642 1.3647513E-15
5217.950698644527 1.6859760000000002E-15
5219.153946551058 1.5981344E-15
5220.354606057714 1.4719855000000001E-15
5221.555541774513 1.3034128000000001E-15
5222.759620949906 1.2132292E-15
5223.9611099372205 1.3834788E-15
5225.16574383132 1.4220286E-15
5226.367786344041 1.4352178999999999E-15
5227.572975212403 1.5832737E-15
5228.77557150554 1.7601348999999998E-15
5229.978444454374 1.7288252E-15
5231.1844659325225 1.5100296E-15
5232.3878930443525 1.4886899E-15
5233.594470136025 1.4862737E-15
5234.798451666155 1.5010265E-15
5236.005584627322 1.3099512999999999E-15
5237.210120831172 1.3584925999999998E-15
5238.414934136994 1.4034667000000001E-15
5239.622901051031 1.5103047E-15
5240.828269413771 1.5430915000000001E-15
5242.036792837592 1.397161E-15
5243.242716512966 1.2700739E-15
5244.451796702955 1.4557180999999999E-15
5245.658275946794 1.5727968E-15
5246.865032739597 1.4287155999999999E-15
5248.074948227709 1.5102307E-15
5249.282260972795 1.432087E-15
5250.492733868397 1.419179E-15
5251.700602821893 1.649812E-15
5252.911633381785 1.6171844E-15
5254.120058799935 1.6812664E-15
5255.328762214764 1.5072388E-15
5256.540629420198 1.5773586E-15
5257.749889684117 1.6906714999999998E-15
5258.962315196199 1.6602203E-15
5260.172132565748 1.4927630999999999E-15
5261.385116641689 1.5248037E-15
5262.595491373527 1.8479884999999998E-15
5263.806144550481 2.1100799999999998E-15
5265.019966621559 1.9279991E-15
5266.231177545858 1.7145265999999999E-15
5267.445558824189 1.6484316E-15
5268.657327752787 1.5893459E-15
5269.872268495997 1.554005E-15
5271.084595685965 1.4862844E-15
5272.29720177021 1.4905553E-15
5273.51298186033 1.5103878999999999E-15
5274.726146591624 1.5125871E-15
5275.942486791054 1.5231054999999998E-15
5277.156210426764 1.37237015E-15
5278.373110993547 1.4607324E-15
5279.587393791161 1.5630229E-15
5280.804854983459 1.5914387E-15
5282.019697200582 1.4914831E-15
5283.234818890561 1.563531E-15
5284.453121171031 1.5417783999999999E-15
5285.668802666995 1.4150293E-15
5286.887666218749 1.4160920000000001E-15
5288.103907778603 1.3187854E-15
5289.3233328602155 1.4134861000000001E-15
5290.54013474198 1.4447228E-15
5291.757216547418 1.3466463E-15
5292.977484073965 1.5447773E-15
5294.195126588414 1.5209731E-15
5295.41595629163 1.5046564E-15
5296.634159773408 1.5856526E-15
5297.855551912292 1.4681862E-15
5299.074316619836 1.5234230999999998E-15
5300.2933617026 1.4842572999999999E-15
5301.515597645366 1.6398144E-15
5302.735204341621 1.5892004E-15
5303.958003367907 1.6023796E-15
5305.178171936389 1.6829205E-15
5306.401534305606 1.6303307E-15
5307.6222650051695 1.6136599E-15
5308.843276532226 1.5170512E-15
5310.067484066468 1.5407714E-15
5311.289058112956 2.1147659999999998E-15
5312.513829639029 2.5439336999999996E-15
5313.735966464101 2.6888991999999997E-15
5314.961302241835 2.9685797E-15
5316.184002104764 2.5024885E-15
5317.406983248188 1.8686672E-15
5318.633165554285 1.5977646999999999E-15
5319.856710124543 1.3629884E-15
5321.083457332246 1.2678881E-15
5322.307565588908 1.3682828999999999E-15
5323.534877958468 1.3949709000000001E-15
5324.759550161223 1.2776930999999999E-15
5325.984504098209 1.391999E-15
5327.212664361669 1.3490389E-15
5328.438182634353 1.3850668E-15
5329.666908710664 1.3333465999999999E-15
5330.892991579035 1.2709571E-15
5332.122283728867 1.3941648499999999E-15
5333.348931453034 1.6022469000000001E-15
5334.575861365898 1.4183196E-15
5335.806002777369 1.5372071999999999E-15
5337.033497936262 1.3852911E-15
5338.264206073298 1.615776E-15
5339.492266738629 1.4980753E-15
5340.72354186232 1.4111596999999999E-15
5341.952168294618 1.4508699999999998E-15
5343.181077370811 1.4055505E-15
5344.413203126087 1.3976604E-15
5345.642678360109 1.4034485999999998E-15
5346.875371755136 1.4298832E-15
5348.105413407816 1.4426906E-15
5349.338674704106 1.3096863E-15
5350.569283036392 1.2795292E-15
5351.800174468508 1.2616144E-15
5353.034287768538 1.4570849000000001E-15
5354.2657462717525 1.6095495E-15
5355.500428127195 1.5514255E-15
5356.732453962759 1.5938442E-15
5357.967704635546 1.4476274999999999E-15
5359.2002980648285 1.4155735E-15
5360.433175050609 1.5202902999999998E-15
5361.669279101506 1.4958997E-15
5362.902724073129 1.4164462999999998E-15
5364.139397596577 1.4383561E-15
5365.373410815713 1.4692862E-15
5366.610654074067 1.5587046E-15
5367.845235802509 1.5547625E-15
5369.080101544855 1.4993389E-15
5370.318199557903 1.5052889999999998E-15
5371.553634202312 1.4813147E-15
5372.792302606528 1.6208075E-15
5374.028306415092 1.42924185E-15
5375.267545473254 1.3938711E-15
5376.504118708187 1.3842143E-15
5377.743928683196 1.3323727E-15
5378.981071606831 1.3341216E-15
5380.218499133571 1.4648499E-15
5381.459165636503 1.5362723E-15
5382.697163245516 1.5801859999999999E-15
5383.938401322918 1.4767953999999999E-15
5385.176969276844 1.5763557E-15
5386.4187791920385 1.4883696E-15
5387.657917753633 1.5292007E-15
5388.8973413774265 1.3469863999999999E-15
5390.14000920221 1.4249902999999999E-15
5391.38000382788 1.4080657E-15
5392.623244149142 1.5086597E-15
5393.863810039747 1.3011148E-15
5395.1076231212355 1.4070918E-15
5396.348760539958 1.2885489E-15
5397.590183480712 1.5625726E-15
5398.834855855686 1.4099190999999998E-15
5400.076850719402 1.327595E-15
5401.322096514348 1.5874440999999999E-15
5402.564663564508 1.4713812E-15
5403.810483043603 1.48540325E-15
5405.053622543814 1.6267203999999999E-15
5406.297048026632 1.6494081E-15
5407.543728185341 1.6147317999999998E-15
5408.78772651369 1.5650095E-15
5410.034981017357 1.5001053999999999E-15
5411.279552455147 1.4232946E-15
5412.527381568371 1.3658299E-15
5413.772526379632 1.52927065E-15
5415.017957634821 1.4986473999999999E-15
5416.266648816023 1.4504671E-15
5417.5126538408 1.4030086E-15
5418.761920293438 1.2865201E-15
5420.00849935214 1.4661503E-15
5421.25834134124 1.2982509E-15
5422.505494698323 1.3833116E-15
5423.752934961397 1.3517764E-15
5425.003640409078 1.6335081E-15
5426.2516553672895 1.469128E-15
5427.502937014378 1.2200582E-15
5428.7515269324895 1.7246476999999998E-15
5430.00338504444 1.4726504E-15
5431.252550187334 1.5836330999999999E-15
5432.502002699028 1.3503778E-15
5433.754725662407 1.4447190000000001E-15
5435.00475379628 1.6137238E-15
5436.258053888534 1.3690396E-15
5437.508657909777 1.3598487E-15
5438.762535396789 1.3193320999999999E-15
5440.013715570711 1.388911E-15
5441.265183576988 1.3800167999999999E-15
5442.519927310522 1.409845E-15
5443.771971867516 1.4800214E-15
5445.0272936608935 1.2709948E-15
5446.279915034222 1.5221944E-15
5447.535815153754 1.5544420000000001E-15
5448.7890136091555 1.5129421999999999E-15
5450.042500361214 1.3869017E-15
5451.299268124612 1.4261547E-15
5452.553332357424 1.34241295E-15
5453.810679113135 1.3566169999999999E-15
5455.065321092744 1.2323881999999998E-15
5456.32324710751 1.2830298000000001E-15
5457.578467100084 1.2202671E-15
5458.833975854367 1.2440331E-15
5460.092770912597 1.4407374E-15
5461.348858079169 1.4081849999999998E-15
5462.6082330636855 1.3224022E-15
5463.864898909019 1.4186984E-15
5465.124854086995 1.4585833E-15
5466.382098877687 1.6149280000000002E-15
5467.639632895892 1.2431338E-15
5468.900458519188 1.3361596999999999E-15
5470.158571882718 1.1473845999999999E-15
5471.4199783677805 1.4735463E-15
5472.678671343541 1.5135116E-15
5473.940658957974 1.5245984E-15
5475.199931812992 1.4901509E-15
5476.462500824519 1.5190248499999999E-15
5477.722353825945 1.4908682E-15
5478.982496654898 1.3481911E-15
5480.245937917523 1.4948998E-15
5481.506661293681 1.3992881E-15
5482.770684623098 1.3221752E-15
5484.031988813916 1.2082114000000001E-15
5485.296594478281 1.2444432E-15
5486.558479751342 1.0451129E-15
5487.820655319452 1.3462267E-15
5489.086134641946 1.4450469999999998E-15
5490.348891693741 1.11581955E-15
5491.614954021959 1.166657E-15
5492.87829282533 1.4022641999999999E-15
5494.144938427862 1.3635014E-15
5495.4088592508215 1.3259209999999999E-15
5496.673070837104 1.3641285E-15
5497.940591507065 1.3668609E-15
5499.205385515026 1.305145E-15
5500.4734901311585 1.2520884E-15
5501.73886682912 1.0056699E-15
5503.007555660447 1.2948778E-15
5504.273515316853 1.2699502E-15
5505.539766205615 1.5612889E-15
5506.809331515944 1.3799338E-15
5508.0761657658895 1.3161490999999999E-15
5509.346315964355 1.4476003E-15
5510.6137338442395 1.3686543E-15
5511.8844692002995 1.3325305E-15
5513.152470979 1.3614478E-15
5514.420764459843 1.3864984E-15
5515.692377708755 1.4241667E-15
5516.961255491803 1.4384191E-15
5518.233454572336 1.5468588999999999E-15
5519.502916926777 1.4551641E-15
5520.775702108823 1.3539789E-15
5522.04574930397 1.4511034E-15
5523.316088671805 1.2994916999999998E-15
5524.589753162833 1.1471325E-15
5525.860677775412 1.3805687999999999E-15
5527.134929043068 1.3465208E-15
5528.406439170014 1.2711781E-15
5529.681277484624 1.3704651999999998E-15
5530.953373395683 1.331582E-15
5532.2257619507345 1.3146981E-15
5533.5014809927425 1.4919940999999999E-15
5534.774455736598 1.5704425999999999E-15
5536.0507625017635 1.5115165E-15
5537.32432370448 1.3747947E-15
5538.601218463567 1.3888252E-15
5539.875366395326 1.2907158E-15
5541.149807443142 1.571053E-15
5542.427584350331 1.5176602E-15
5543.702612532534 1.3160617E-15
5544.980978110937 1.4827323E-15
5546.256593698019 1.2288094499999998E-15
5547.535548218839 1.3559065E-15
5548.811751481417 1.2564447E-15
5550.088248332878 1.49011965E-15
5551.368086424794 1.4958356E-15
5552.64517135775 1.4806495E-15
5553.925599070468 1.4442663E-15
5555.203272355847 1.3969943E-15
5556.484289961005 1.3716314999999999E-15
5557.7625518698605 1.540847E-15
5559.041107841189 1.6407364000000002E-15
5560.323010442734 1.4926983999999999E-15
5561.602155444191 1.4900972E-15
5562.884648617657 1.5861871E-15
5564.1643829206105 1.5121357E-15
5565.447466938073 1.4636263E-15
5566.727790814014 1.6104052E-15
5568.00840922678 1.6196584999999999E-15
5569.292379668218 1.4391594E-15
5570.573588061279 1.40716E-15
5571.858150027292 1.2851981E-15
5573.139948672452 1.4078461000000001E-15
5574.4251024355535 1.4081336E-15
5575.707491604742 8.406351000000001E-16
5576.993237437573 1.2115272499999999E-15
5578.276217402844 1.5927239E-15
5579.559492515969 1.337694E-15
5580.846126611703 2.8148596000000002E-15
5582.129992929065 1.2328389E-15
5583.417219776516 1.3754239999999998E-15
5584.7016775704815 1.5158537E-15
5585.989497442732 1.3013703E-15
5587.274546985794 1.3340101E-15
5588.559892152815 1.2552278499999999E-15
5589.848601720826 1.1618147E-15
5591.134539045756 1.2604943000000001E-15
5592.423842321654 1.3853751000000001E-15
5593.7103720773 1.1984778999999999E-15
5595.000269334606 1.1172209E-15
5596.287391793901 1.4152613E-15
5597.574810354026 1.3017041E-15
5598.8655987422635 1.5207219999999998E-15
5600.153610415509 1.3831543E-15
5601.444993469345 1.7637080999999998E-15
5602.733598528957 1.5093735E-15
5604.025576522354 1.534711E-15
5605.314775241707 1.489011E-15
5606.604270539531 1.4138514499999998E-15
5607.8971411013445 1.3087886E-15
5609.1872304690405 1.3736306E-15
5610.480696655709 1.5559003E-15
5611.771380366965 1.5709475499999999E-15
5613.065442452892 1.5782788999999999E-15
5614.356720781522 1.6363707E-15
5615.648296167035 1.4713521E-15
5616.943252261183 1.3693103999999999E-15
5618.235422674864 1.6347844999999999E-15
5619.530975354671 1.4931677E-15
5620.823741070649 1.5515710999999999E-15
5622.11989061096 1.3241527E-15
5623.413251903491 1.4607392E-15
5624.706910732087 1.3346496E-15
5626.0039557227465 1.4359559999999999E-15
5627.298210539351 1.4604746E-15
5628.595853078023 1.5766925E-15
5629.890704157208 1.6004508999999998E-15
5631.188944519182 1.6315097999999998E-15
5632.484392135646 1.5945704E-15
5633.780137768132 1.5871402E-15
5635.079275024906 1.6566880999999999E-15
5636.37561760679 1.5830017E-15
5637.675353375483 1.5446776E-15
5638.97229318178 1.6962893000000001E-15
5640.272627738125 1.46694145E-15
5641.570165043976 1.5183515999999998E-15
5642.868000846579 1.5236045000000001E-15
5644.169233744507 1.6272504999999999E-15
5645.467667459449 1.5736129E-15
5646.769499834757 1.4647831E-15
5648.068531737496 1.4987037E-15
5649.370963866361 1.4057356E-15
5650.6705942324825 1.6321359999999999E-15
5651.970523576861 1.5655267E-15
5653.273855496427 1.4018979E-15
5654.574383717638 1.3305357000000001E-15
5655.878316081601 1.2444318E-15
5657.179443455548 1.3549476E-15
5658.483976540533 1.4450484E-15
5659.785703343244 1.5986497E-15
5661.087729606495 1.5859891E-15
5662.393163933634 1.5774660999999999E-15
5663.6957900397665 1.39351015E-15
5665.001825779882 1.4753044E-15
5666.305052005245 1.5911994E-15
5667.611689435406 1.3057666E-15
5668.915516056473 1.3939812999999998E-15
5670.219642621141 1.2860711E-15
5671.5271827472525 1.5890946E-15
5672.831910122411 1.4881773000000001E-15
5674.140052631638 1.3975494E-15
5675.445381094079 1.4550354000000001E-15
5676.754126263941 1.5457956E-15
5678.060056090586 1.4461379E-15
5679.369404198726 1.4517314E-15
5680.675935666623 1.5348882E-15
5681.982767700368 1.481614E-15
5683.293020377142 1.6271559E-15
5684.600454467784 1.6708446999999999E-15
5685.9113107773455 1.7177396999999998E-15
5687.219347202254 1.5542986E-15
5688.530807422696 1.4624041E-15
5689.839446459365 1.6740750999999999E-15
5691.148386546724 1.6312033E-15
5692.460752794961 1.7228645E-15
5693.770295910398 1.665824E-15
5695.083266765144 1.5787084E-15
5696.3934131864735 1.7315457999999999E-15
5697.706988926269 1.7112134999999998E-15
5699.017738931434 1.53303795E-15
5700.328790472915 1.3327444E-15
5701.643273702021 1.4045151E-15
5702.954929244326 1.3321017E-15
5704.270018055233 1.5617741E-15
5705.582277876624 1.7649908E-15
5706.897972548322 1.4890602E-15
5708.210836927191 1.553323E-15
5709.524003328785 1.3747142E-15
5710.840606953667 1.6288795E-15
5712.1543783304 1.5368312E-15
5713.471588513947 1.4167432E-15
5714.78596514453 1.5650285E-15
5716.103782166185 1.6203053E-15
5717.418764329458 1.6545936999999999E-15
5718.734049002651 1.6594189E-15
5720.052776443723 1.6134035000000001E-15
5721.368667067941 1.6048850999999998E-15
5722.688002046119 1.542514E-15
5724.004498900525 1.3812521E-15
5725.324441695702 1.3442831999999998E-15
5726.641545059584 1.4559664E-15
5727.958951421363 1.5655362999999999E-15
5729.279806104559 1.4762980999999999E-15
5730.597819394824 1.4039537E-15
5731.919282595146 1.4151237E-15
5733.23790309351 1.4645233E-15
5734.559975091302 1.5395556E-15
5735.879203077503 1.3177874E-15
5737.198734550369 1.4343237E-15
5738.521719907148 1.3026987999999999E-15
5739.841859287538 1.4114786999999999E-15
5741.165454143043 1.5533139E-15
5742.48620171102 1.4664047999999999E-15
5743.810406346047 1.3688342E-15
5745.131762381802 1.544985E-15
5746.453422393778 1.5910793E-15
5747.778541861132 1.5713333E-15
5749.100810761248 1.4772202E-15
5750.426540710513 1.4323123E-15
5751.7494187792845 1.5420477E-15
5753.075759491709 1.5410339E-15
5754.399247009779 1.6296162E-15
5755.723038994414 1.4793336999999998E-15
5757.050296014883 1.4905147E-15
5758.374697869858 1.4987357E-15
5759.702566357007 1.6491661E-15
5761.027578363289 1.7741568E-15
5762.356058598821 1.5752935E-15
5763.681681037505 1.5315547E-15
5765.00760843389 1.5662482E-15
5766.337006455565 1.4309303E-15
5767.663544706073 1.3739043000000001E-15
5768.993555180787 1.4614843E-15
5770.320704566837 1.5603191E-15
5771.651327776746 1.6956812E-15
5772.97908857989 1.605418E-15
5774.307154832662 1.5349947E-15
5775.638697309198 1.5428193E-15
5776.967375401462 1.5783125E-15
5778.299531318985 1.5643053E-15
5779.628821532617 1.5248203E-15
5780.96159117374 1.4334466E-15
5782.2914937907435 1.3288404E-15
5783.624877438208 1.3748798E-15
5784.955392740717 1.6928864E-15
5786.286214126521 1.3631171999999999E-15
5787.620518947673 1.4730008E-15
5788.95195344226 1.3783361E-15
5790.28687297701 1.4895777E-15
5791.618920862837 1.5509565999999999E-15
5792.954455394383 1.5261874E-15
5794.28711695404 1.3447039E-15
5795.620085090737 1.3944900999999999E-15
5796.956542281918 1.4947496E-15
5798.290124516404 1.5044185E-15
5799.6271974127785 1.6061625E-15
5800.961394027968 1.5842021E-15
5802.299082913192 1.6872475000000002E-15
5803.633894192129 1.588204E-15
5804.969012542647 1.4441587E-15
5806.30762557585 1.5898702E-15
5807.643359014759 1.2922231E-15
5808.982588746351 1.6705335999999999E-15
5810.318937557022 1.4832736E-15
5811.658784271117 1.3370432E-15
5812.995748737051 1.1658712E-15
5814.333020769904 1.5230724999999999E-15
5815.673793122723 1.6023309999999998E-15
5817.011681236167 1.3900242999999999E-15
5818.353071282172 1.4805105E-15
5819.691575760036 1.2491680999999999E-15
5821.0335837838 1.6240952E-15
5822.372704910043 1.7572416E-15
5823.71213409934 1.5283794E-15
5825.055069254977 1.4313313499999999E-15
5826.395115518667 1.5986629E-15
5827.738669363894 1.3854537E-15
5829.079332986262 1.7146315000000001E-15
5830.423505806108 1.7274239E-15
5831.764787071572 1.485234E-15
5833.106376897028 1.6064077E-15
5834.4514783443055 1.4994602999999999E-15
5835.793686239559 1.49594E-15
5837.139407374435 1.6471333999999998E-15
5838.48223362423 1.637703E-15
5839.828574732194 1.5429437E-15
5841.1720196214055 1.5897738000000001E-15
5842.515773568347 1.4987415E-15
5843.863044801715 1.4361144E-15
5845.2074178154635 1.4432079E-15
5846.55530973605 1.4157872E-15
5847.900302101808 1.6151615E-15
5849.248814995563 1.4136357E-15
5850.594426998667 1.4697184999999998E-15
5851.940348558043 1.4995938999999999E-15
5853.289793077589 1.5553804E-15
5854.63633470239 1.5093437E-15
5855.986400910385 1.5948197E-15
5857.333562886274 1.6224329E-15
5858.684251069132 1.4613883E-15
5860.032033681905 1.7130302E-15
5861.380126350296 1.5986181E-15
5862.731747661751 1.7214494999999999E-15
5864.080461395796 1.5400731E-15
5865.432705398548 1.6700716E-15
5866.7820404843715 1.5600232999999999E-15
5868.134907465294 1.6002571E-15
5869.484864189151 1.4229756999999999E-15
5870.835131468779 1.4782648E-15
5872.188933083531 1.58618145E-15
5873.539822430655 1.5535751E-15
5874.894247741169 1.5408326E-15
5876.245759442374 1.3998048999999999E-15
5877.600808735987 1.4109493000000001E-15
5878.952943077992 1.6109472E-15
5880.305388476725 1.5518235E-15
5881.6613739118275 1.6166332E-15
5883.0144423815145 1.6437574000000002E-15
5884.371052518464 1.5306377E-15
5885.724744346154 1.5155628E-15
5887.08197947275 1.5006482E-15
5888.436294945624 1.3494925999999999E-15
5889.7941553497985 1.8278331999999998E-15
5891.149094755168 1.9571125E-15
5892.504345862568 1.4447724E-15
5893.8631443503 1.4338269E-15
5895.219019821242 1.5230088E-15
5896.578444306793 1.6984298999999999E-15
5897.934944428921 1.3686434999999999E-15
5899.294995200688 1.6962082E-15
5900.6521202617805 1.5821182999999999E-15
5902.009557527709 1.5165604999999998E-15
5903.370547896257 1.6112898E-15
5904.728610532891 1.5198955E-15
5906.090227909057 1.4983385999999999E-15
5907.448916204503 1.4001498E-15
5908.811160877149 1.4105542E-15
5910.170475119649 1.5957776000000001E-15
5911.530102070604 1.4343413999999999E-15
5912.893287855697 1.4147406E-15
5914.253541186144 1.4199398E-15
5915.6173549902815 1.5461198E-15
5916.978234988793 1.6069122E-15
5918.342677101303 1.5691815E-15
5919.704184056584 1.628141E-15
5921.066004224752 1.554069E-15
5922.43138896782 1.5050016E-15
5923.793836525893 1.5581212E-15
5925.159850301065 1.4628357E-15
5926.522925538082 1.5059272999999999E-15
5927.8895686351525 1.6062769E-15
5929.253271840285 1.1698121E-15
5930.6172887635485 1.4404973E-15
5931.984876011736 1.3157139000000001E-15
5933.349521336949 1.3364623E-15
5934.717738631933 1.2312519999999999E-15
5936.0830126486 1.3896094E-15
5937.451860280644 1.3905529E-15
5938.817763278403 1.5356504E-15
5940.183980500352 1.4917477999999998E-15
5941.553773806525 1.4709402E-15
5942.920620444101 1.5197381E-15
5944.2910448134 1.4753805E-15
5945.658521156573 1.5084766999999998E-15
5947.02957687973 1.6208583999999998E-15
5948.397683218606 1.5801056E-15
5949.766104288548 1.5879911E-15
5951.138107211303 1.4764173E-15
5952.507158712183 1.4688352999999999E-15
5953.879793716033 1.587032E-15
5955.249475938291 1.351741E-15
5956.622743314438 1.4445475999999998E-15
5957.993056548646 1.5867917E-15
5959.363685021613 1.4649922E-15
5960.737901125286 1.387151E-15
5962.109161046141 1.4474213000000001E-15
5963.484010250522 1.4109318999999999E-15
5964.855901910172 1.4374655E-15
5966.23138450693 1.5739181E-15
5967.603908196417 1.5144295E-15
5968.976747633175 1.5992623999999998E-15
5970.353180487856 1.5749696E-15
5971.726652391092 1.5812916E-15
5973.103719367736 1.6342072999999999E-15
5974.477824028827 1.389473E-15
5975.855525419574 1.553802E-15
5977.230263130031 1.5662601999999999E-15
5978.605317097091 1.6343554E-15
5979.983970278624 1.7050916999999998E-15
5981.359657732395 1.608998E-15
5982.738946058795 1.5458202E-15
5984.115267291124 1.3785410000000001E-15
5985.495191055002 1.298934E-15
5986.8721463578695 1.5156492E-15
5988.249418427496 1.4366401E-15
5989.630295517494 1.6482911999999998E-15
5991.00820209571 1.5679698E-15
5992.38971535513 1.4646770999999999E-15
5993.768256734253 1.5519896499999999E-15
5995.150406456177 1.4680145E-15
5996.52958292866 1.4122758E-15
5997.912369406305 1.43323345E-15
5999.292181264735 1.5514314E-15
6000.672310547069 1.630891E-15
6002.056052328553 1.4995393E-15
6003.436817435793 1.5228085999999998E-15
6004.821196706461 1.5266846E-15
6006.202597931531 1.494841E-15
6007.587614985072 1.5221883E-15
6008.969652621033 1.3454967999999999E-15
6010.352008192935 1.5023888E-15
6011.7379820913175 1.5418788E-15
6013.120974513777 1.4831142E-15
6014.507586929677 1.470729E-15
6015.891216496089 1.4950959E-15
6017.278467723672 1.4720159E-15
6018.66273472757 1.3947918E-15
6020.047320180272 1.447644E-15
6021.435529796186 1.6266867E-15
6022.820753126751 1.4808192999999998E-15
6024.209602290176 1.5780424E-15
6025.5954637924715 1.5802655E-15
6026.984952798049 1.5799379E-15
6028.371452766081 1.638479E-15
6029.758271696611 1.6093435E-15
6031.148720636495 1.452513E-15
6032.536178473848 1.3821098E-15
6033.927267992901 1.5197615E-15
6035.315365031421 1.4250726E-15
6036.707095424756 1.3710193999999999E-15
6038.095831958924 1.5066570999999998E-15
6039.484887970107 1.4204703E-15
6040.877579846221 1.5163975E-15
6042.26727579485 1.6011379999999998E-15
6043.660609283453 1.6220982E-15
6045.050945464346 1.6241935999999998E-15
6046.444920861026 1.6352804E-15
6047.835897569138 1.6115728E-15
6049.227194269615 1.4718145E-15
6050.622132700046 1.4638465E-15
6052.014070370253 1.4642979E-15
6053.409651448156 1.5430598E-15
6054.802230383389 1.4454463E-15
6056.198454404833 1.4692954E-15
6057.59167490052 1.514281E-15
6058.985215904751 1.3565727E-15
6060.382404513419 1.3926538E-15
6061.77658752133 1.3426456999999998E-15
6063.174419814127 1.4540452999999999E-15
6064.569245121489 1.4320878E-15
6065.967721394961 1.5156E-15
6067.363189297681 1.5961288E-15
6068.758978225957 1.5164195E-15
6070.15842064263 1.5382323E-15
6071.554852610205 1.5042709E-15
6072.954939749335 1.5825233000000001E-15
6074.352015052455 1.5810997E-15
6075.752747211066 1.6045466999999998E-15
6077.150466146116 1.5928424E-15
6078.548506624569 1.4728912E-15
6079.950206484868 1.506259E-15
6081.348891039908 1.51184025E-15
6082.751236662669 1.5049543E-15
6084.15056559102 1.4890123E-15
6085.5535572737435 1.5092672E-15
6086.953530872269 1.5511696E-15
6088.353826532881 1.5239812E-15
6089.757787478295 1.4782930999999998E-15
6091.158728254453 1.5413663E-15
6092.563336004008 1.5596173E-15
6093.9649221929185 1.5565652999999998E-15
6095.370177044599 1.5710886E-15
6096.7724089436015 1.5926113E-15
6098.178311195526 1.5189911999999998E-15
6099.581189102099 1.4373889E-15
6100.984389738892 1.562232E-15
6102.391263264284 1.6481187999999999E-15
6103.795110354946 1.5817433E-15
6105.202632026304 1.4535192E-15
6106.607125868654 1.6064855999999998E-15
6108.01529598458 1.5923427999999998E-15
6109.420436876577 1.5243391E-15
6110.825901019391 1.6084140000000001E-15
6112.235043975547 1.6249549999999998E-15
6113.641155615025 1.5018882E-15
6115.050947762675 1.4692738E-15
6116.457707197117 1.5702568E-15
6117.86814883534 1.5482469E-15
6119.275556363188 1.3907202E-15
6120.683287663288 1.6933406999999999E-15
6122.0947037110345 1.9634367E-15
6123.503083552277 1.5363682999999999E-15
6124.915149838727 1.6403244E-15
6126.324178519895 1.6687649E-15
6127.736895344614 1.4418081E-15
6129.146573164627 1.5967306999999999E-15
6130.55657527917 1.525525E-15
6131.970268085233 1.52824335E-15
6133.380919787082 1.6208977E-15
6134.795263880752 1.6336185E-15
6136.2065654691705 1.4389321000000001E-15
6137.621561150494 1.3269842E-15
6139.033512924885 1.3869318E-15
6140.445789516927 1.4696708E-15
6141.8617627539525 1.4762691E-15
6143.274689981151 1.3640288999999998E-15
6144.691315556375 1.4980591E-15
6146.104893718478 1.6070082E-15
6147.522171932433 1.56903E-15
6148.936401329324 1.5760255999999999E-15
6150.350956067829 1.5717389E-15
6151.7692134143845 1.5853213E-15
6153.1844198375875 1.6725376E-15
6154.60333057463 1.6028572E-15
6156.019188982761 1.4736943999999999E-15
6157.4387534113075 1.6332578999999998E-15
6158.855264104736 1.6071473999999998E-15
6160.272100664588 1.53201885E-15
6161.692645805175 1.622034E-15
6163.110135100958 1.4912350999999998E-15
6164.531334686018 1.4464809E-15
6165.949477018448 1.5168748E-15
6167.371331349483 1.6328299000000002E-15
6168.790127019413 1.4425437999999999E-15
6170.209249081423 1.5363849999999998E-15
6171.6320857064875 1.5737745999999999E-15
6173.051861557358 1.4805453999999998E-15
6174.475353682581 1.5014964999999999E-15
6175.895783623513 1.441347E-15
6177.319931550884 1.6013097999999998E-15
6178.741015883216 1.6606549999999998E-15
6180.1624271341325 1.5346395E-15
6181.587558940072 1.4893401E-15
6183.009625034478 1.5431984999999998E-15
6184.435413397965 1.5265498E-15
6185.858134637546 1.4838660000000001E-15
6187.284579861057 1.6029464999999998E-15
6188.707956547638 1.5767958E-15
6190.131660680156 1.5220104E-15
6191.559091369333 1.5739729999999999E-15
6192.98345140167 1.5707304999999999E-15
6194.411539707489 1.4705398E-15
6195.836555941817 1.4768694E-15
6197.265302167242 1.5051777E-15
6198.690974905874 1.6101501E-15
6200.1169756186455 1.6273351999999998E-15
6201.546708899394 1.5795547E-15
6202.973366570018 1.5649168E-15
6204.403758528211 1.5843339E-15
6205.831073459348 1.641964E-15
6207.262124398438 1.6322475000000001E-15
6208.690096892887 1.53623295E-15
6210.121807116466 1.6026466E-15
6211.550437477165 1.4210926999999999E-15
6212.979396492403 1.4531537999999999E-15
6214.412095818996 1.4468114999999999E-15
6215.841713154974 1.4676465E-15
6217.275072525467 1.4232462999999999E-15
6218.705348485475 1.4654478E-15
6220.139368203951 1.4244460999999998E-15
6221.570303091415 1.4993219E-15
6223.001567163568 1.4147339000000001E-15
6224.436577580584 1.4580087E-15
6225.868501035417 1.5634008E-15
6227.30417256105 1.5143834E-15
6228.736755702341 1.5330337E-15
6230.173088641165 1.5886820999999998E-15
6231.60633177283 1.5266079E-15
6233.039904620194 1.4426837000000001E-15
6234.4772298556545 1.534361E-15
6235.911463149349 1.5823097000000001E-15
6237.349450559865 1.6082778999999998E-15
6238.784344604158 1.5699965999999999E-15
6240.222994494791 1.5273312E-15
6241.658549594091 1.5534805E-15
6243.094434940954 1.5658564E-15
6244.5340787289 1.4955207E-15
6245.970625587462 1.42347355E-15
6247.410932618618 1.4688706E-15
6248.848141293637 1.3923463999999999E-15
6250.28911187356 1.350893E-15
6251.726982669934 1.3596831999999999E-15
6253.165184246594 1.2233358E-15
6254.607150327088 1.3138288E-15
6256.046014482533 1.340628E-15
6257.488644876116 1.356038E-15
6258.928171915596 1.4049483E-15
6260.371466928317 1.39663105E-15
6261.811657157222 1.5276109999999998E-15
6263.252178699995 1.463338E-15
6264.696470819131 1.4928318000000001E-15
6266.137656009497 1.5491778E-15
6267.5826135133275 1.4971787E-15
6269.024462657027 1.4652593E-15
6270.470085852094 1.5162930499999999E-15
6271.912599255011 1.6240380999999998E-15
6273.35544450624 1.6168465E-15
6274.802066416156 1.5265513E-15
6276.245576385509 1.4939239000000001E-15
6277.692864753453 1.4691553E-15
6279.137039747164 1.4668604999999998E-15
6280.584994880173 1.427324E-15
6282.029835204619 1.5160992E-15
6283.475007912683 1.4605371E-15
6284.923963371571 1.5266280999999999E-15
6286.369801870016 1.4674213999999998E-15
6287.819424861997 1.6323294E-15
6289.265929457552 1.4558035999999999E-15
6290.716220290158 1.4678226E-15
6292.163391289695 1.6360994000000002E-15
6293.61089520902 1.5371086999999999E-15
6295.062187981131 1.4989462E-15
6296.510358764825 1.5684593E-15
6297.962320146828 1.5207845E-15
6299.411158102115 1.590365E-15
6300.863788402039 1.5272121E-15
6302.313293836285 1.4331571E-15
6303.763132727352 1.8815142E-15
6305.216766583012 1.5042474E-15
6306.667273414168 1.6350092E-15
6308.121576958257 1.6028896E-15
6309.572752037223 1.58114195E-15
6311.027725578265 1.6254950999999998E-15
6312.479569212902 1.6029668999999999E-15
6313.931746842259 1.4206875E-15
6315.3877255578755 1.5632056E-15
6316.840572204777 1.5121039E-15
6318.2972216890985 1.4956604999999998E-15
6319.750737661762 1.5117584E-15
6321.2080582238095 1.5155986999999999E-15
6322.662243830593 1.5567784E-15
6324.120235779532 1.5523073999999999E-15
6325.575091328935 1.4812928E-15
6327.030281565945 1.5014751E-15
6328.489280774739 1.583461E-15
6329.945141417202 1.5620155999999999E-15
6331.40481278624 1.6394317999999998E-15
6332.86134414301 1.5520449E-15
6334.321687981956 1.5507863E-15
6335.778890362031 1.5631511E-15
6337.2364279696 1.659055E-15
6338.697780693213 1.4705176E-15
6340.155989787666 1.6530912E-15
6341.618015755786 1.5532565E-15
6343.0768966464775 1.5379409000000001E-15
6344.5395961692675 1.543743E-15
6345.999149165695 1.5175355E-15
6347.45903793037 1.5756111E-15
6348.922747965262 1.5558942E-15
6350.3833092999985 1.4799802E-15
6351.84769366541 1.4560364E-15
6353.308927880062 1.458673E-15
6354.773986886655 1.4849114E-15
6356.235894291217 1.4001293E-15
6357.698138005656 1.4912482E-15
6359.16420915441 1.4595897E-15
6360.627126523835 1.5432392E-15
6362.093873090873 1.5410717999999999E-15
6363.557464425637 1.5558561999999999E-15
6365.024886722123 1.5995988E-15
6366.48915233272 1.6260283E-15
6367.953754795697 1.4672905E-15
6369.422190867032 1.4818811E-15
6370.88746807167 1.5209450999999999E-15
6372.356580650807 1.5261085E-15
6373.822532907958 1.5179755999999999E-15
6375.292322306564 1.5101656E-15
6376.758949927224 1.5474045999999998E-15
6378.225914943642 1.5394576E-15
6379.69671975242 1.4980786E-15
6381.164360598926 1.5164119E-15
6382.635843006781 1.3858696999999998E-15
6384.104159994729 1.3482758E-15
6385.576320313833 1.44377165E-15
6387.04531375472 1.4282870000000001E-15
6388.514645135619 1.519527E-15
6389.987822502855 1.5791626000000001E-15
6391.457830804024 1.4441019E-15
6392.931686863375 1.47340145E-15
6394.402372396671 1.5506294E-15
6395.87690746081 1.5955354E-15
6397.348270538234 1.5116640999999998E-15
6398.8199721008 1.540995E-15
6400.295525853674 1.557457E-15
6401.767905428454 1.5328303999999998E-15
6403.244138968241 1.6062055999999997E-15
6404.717196867592 1.5400651999999999E-15
6406.194110507472 1.4458993E-15
6407.667847043899 1.5743189E-15
6409.1419226114795 1.54744835E-15
6410.619856583343 1.5420479E-15
6412.094611256839 1.5095402999999998E-15
6413.573226112183 1.5623086E-15
6415.0486602044575 1.5831868E-15
6416.527956256964 1.6484821E-15
6418.004070081025 1.6020817E-15
6419.480523483132 1.6093231E-15
6420.960841513523 1.495146E-15
6422.437975117012 1.6483056999999997E-15
6423.918975129217 1.6336379999999998E-15
6425.3967892474575 1.5471422E-15
6426.878471555666 1.539174E-15
6428.35696650217 1.5185745000000001E-15
6429.835801574493 1.5275429E-15
6431.3185075091405 1.6633769999999998E-15
6432.79802388008 1.5933935E-15
6434.281412896649 1.4353545E-15
6435.761610880079 1.5433007E-15
6437.245683293265 1.5360658999999999E-15
6438.726563203205 1.5344174E-15
6440.211319327847 1.4793989E-15
6441.69288147846 1.5249255E-15
6443.174784460498 1.5899625999999998E-15
6444.660566335137 1.5823033999999999E-15
6446.143152029177 1.5735478000000001E-15
6447.6296184028215 1.5638242999999999E-15
6449.112887123388 1.6673158999999998E-15
6450.600038311386 1.5732005E-15
6452.0839903731485 1.5807937000000001E-15
6453.568283816133 1.5429292E-15
6455.056462408768 1.5889183E-15
6456.541439665038 1.5358866E-15
6458.030303860845 1.5027821E-15
6459.515965245433 1.5482442000000001E-15
6461.00551536027 1.526016E-15
6462.491861188352 1.5548662E-15
6463.97854894834 1.5793087999999998E-15
6465.469128125123 1.4561096E-15
6466.956500801456 1.4710098999999998E-15
6468.447766687359 1.4667425E-15
6469.93582459558 1.4595087E-15
6471.4277775069695 1.5821633E-15
6472.916520962763 1.5159074E-15
6474.405606902032 1.4081794E-15
6475.898590535348 1.4035576999999999E-15
6477.388362495803 1.4297133999999999E-15
6478.8820339459735 1.5087857E-15
6480.372492243664 1.5588326999999998E-15
6481.866851827563 1.634609E-15
6483.3579967786845 1.5744184E-15
6484.849484765744 1.458637E-15
6486.34487673423 1.4451638000000001E-15
6487.8370518490965 1.5278079E-15
6489.333132743954 1.5994094E-15
6490.825995303188 1.5605749E-15
6492.322765441804 1.4965492E-15
6493.816315762113 1.4813413999999999E-15
6495.31020967171 1.4711557E-15
6496.808013860255 1.44933815E-15
6498.302596006069 1.4211166E-15
6499.801090232293 1.4496932E-15
6501.296360931392 1.4853099999999999E-15
6502.795545513197 1.5420280999999999E-15
6504.291505082798 1.5730752E-15
6505.7878087959325 1.4885194E-15
6507.288029095694 1.5372064999999998E-15
6508.78502215524 1.4809896999999999E-15
6510.285933605783 1.5048723999999999E-15
6511.783616329321 1.4469047E-15
6513.285219249057 1.4232243999999999E-15
6514.783591954317 1.3672968E-15
6516.282309358247 1.32508745E-15
6517.78494966666 1.4124188E-15
6519.284357528989 1.51072235E-15
6520.7876901030795 1.48159685E-15
6522.2877887419 1.5531243999999999E-15
6523.791813900594 1.6204836E-15
6525.292603634146 1.5316364999999998E-15
6526.793738622404 1.5112992999999999E-15
6528.298802843189 1.5463751E-15
6529.800629403624 1.5522284499999999E-15
6531.306387006783 1.5046184E-15
6532.808905458001 1.38368E-15
6534.315356762974 1.406832E-15
6535.818567423731 1.534125E-15
6537.322123896126 1.4216813E-15
6538.829615939302 1.4478921E-15
6540.333865099451 1.4245863E-15
6541.842051643496 1.2976738E-15
6543.34699381052 1.4282783500000001E-15
6544.855875175392 1.3877077E-15
6546.361510668558 1.4008571E-15
6547.867492531192 1.4603805E-15
6549.377416313084 1.3889903E-15
6550.884091980847 1.4195533E-15
6552.394711383909 1.4194361E-15
6553.9020811764385 1.3961905E-15
6555.413396521145 1.4126004E-15
6556.921460758223 1.4631814E-15
6558.433472365191 1.4978849999999999E-15
6559.942231366748 1.4126395999999999E-15
6561.451337456331 1.4305154E-15
6562.964393642861 1.5671215999999998E-15
6564.474194976904 1.4436872499999999E-15
6565.987948227702 1.51997175E-15
6567.498445126504 1.4745429E-15
6569.012895762707 1.4748717E-15
6570.524088546713 1.3502218E-15
6572.035628978634 1.4781513E-15
6573.551125879412 1.3939719999999999E-15
6575.063362677293 1.4540979999999999E-15
6576.579557766776 1.5562861E-15
6578.092491251433 1.4573021E-15
6579.609384851274 1.4919764E-15
6581.12301534367 1.3222752E-15
6582.636994044771 1.4713231E-15
6584.15493559692 1.5429157E-15
6585.669611787292 1.5316085E-15
6587.188252654393 1.4501556E-15
6588.703626655367 1.46571455E-15
6590.222967159596 1.5025218999999999E-15
6591.7390392926545 1.4645857E-15
6593.255460196115 1.5216022000000001E-15
6594.775850343105 1.497403E-15
6596.292969860957 1.3817491E-15
6597.814060450967 1.4400548000000001E-15
6599.331878905061 1.423364E-15
6600.853670260784 1.4480136E-15
6602.372187973121 1.5068752E-15
6603.891055018462 1.4374143E-15
6605.413897710128 1.4544748999999999E-15
6606.933464496797 1.3449966E-15
6608.457008761368 1.4094372E-15
6609.977275611735 1.5180766E-15
6611.501521772428 1.4982034E-15
6613.022489009011 1.4167286999999999E-15
6614.543806142109 1.358539E-15
6616.069105334656 1.4287258E-15
6617.5911233378365 1.419535E-15
6619.117125234998 1.5265453E-15
6620.639844431151 1.4819635999999999E-15
6622.1665493566625 1.3864174E-15
6623.689970068827 1.41584425E-15
6625.213741241924 1.527579E-15
6626.741500897939 1.5115892000000001E-15
6628.265974071693 1.4494358999999999E-15
6629.794437565857 1.3911260999999999E-15
6631.31961306368 1.3858131E-15
6632.848780720251 1.4313019E-15
6634.374658865702 1.4273019E-15
6635.900888037416 1.3716484E-15
6637.431112125878 1.2801997999999998E-15
6638.9580444306475 1.3917291E-15
6640.488973492621 1.3862777E-15
6642.01660925438 1.3108836E-15
6643.548243614647 1.3928928000000001E-15
6645.076583157476 1.3399473999999999E-15
6646.605274292809 1.4668434E-15
6648.1379667891 1.4646329E-15
6649.667362191713 1.4603463E-15
6651.200760798711 1.4290142E-15
6652.730860793062 1.395055E-15
6654.26496583607 1.4577083999999999E-15
6655.795770746762 1.4560398E-15
6657.326927817114 1.4626858999999999E-15
6658.862092703026 1.4662786999999999E-15
6660.393955176714 1.49474125E-15
6661.929827312362 1.5599033E-15
6663.462395514365 1.4896589E-15
6664.998975225578 1.3904138E-15
6666.532249481024 1.3785575E-15
6668.065876464199 1.4000396E-15
6669.603517727952 1.4650394E-15
6671.137851252351 1.4933108E-15
6672.676200906704 1.4418492E-15
6674.2112412978295 1.42104225E-15
6675.75029966914 1.44656515E-15
6677.286047252646 1.4630888E-15
6678.825814667419 1.4527058E-15
6680.362269769109 1.517012E-15
6681.899078330276 1.4916516E-15
6683.439909499826 1.4254073999999999E-15
6684.977426067969 1.5161238E-15
6686.518967097708 1.6507463000000001E-15
6688.057191999004 1.6397735999999998E-15
6689.599443215966 1.5482357E-15
6691.138376776746 1.4991303999999999E-15
6692.677664367168 1.352765E-15
6694.220981054852 1.5144275E-15
6695.760977794338 1.4070627E-15
6697.305005487289 1.4631769E-15
6698.845711702543 1.4630163E-15
6700.39045072832 1.4647972E-15
6701.931866746197 1.4433717E-15
6703.473637364802 1.5142686E-15
6705.019443580015 1.4110953999999998E-15
6706.561924491614 1.3495056999999999E-15
6708.1084428590175 1.3971635E-15
6709.6516343908415 1.4218424E-15
6711.198865238524 1.4373350999999999E-15
6712.742767717955 1.5022148E-15
6714.287025370122 1.5587820999999999E-15
6715.835325128726 1.5131152999999999E-15
6717.380294219663 1.4778937E-15
6718.929307279232 1.5254993E-15
6720.474988136695 1.4864228999999999E-15
6722.024714825846 1.4044467E-15
6723.571107777748 1.4139824000000001E-15
6725.117856475315 1.438823E-15
6726.668653799651 1.3989042E-15
6728.216115083611 1.4181822000000001E-15
6729.767626859539 1.5068842E-15
6731.315801058178 1.4492867E-15
6732.868027614846 1.4692963999999999E-15
6734.416915056605 1.4831166E-15
6735.966158817885 1.4840344E-15
6737.519457736781 1.4850093E-15
6739.0694152339265 1.4987696E-15
6740.623429756898 1.4874765999999999E-15
6742.174101318728 1.4856379499999998E-15
6743.728831775454 1.4850374E-15
6745.280217730937 1.4615626E-15
6746.831960580721 1.4871899E-15
6748.387765129504 1.4265335E-15
6749.940222866484 1.49614315E-15
6751.496744173685 1.5557645E-15
6753.049917127209 1.5039716E-15
6754.607155523038 1.5061007E-15
6756.161044022604 1.4838903E-15
6757.7152899921775 1.4997293000000001E-15
6759.273604212686 1.5757537E-15
6760.828566222641 1.5181336E-15
6762.387598357772 1.4769261999999998E-15
6763.943276737988 1.5436977E-15
6765.503027118484 1.5019739E-15
6767.059422198991 1.4475188E-15
6768.616175326142 1.4614017E-15
6770.177003266733 1.4132946E-15
6771.734473589311 1.4292245E-15
6773.296020602594 1.517019E-15
6774.854208451011 1.4512358E-15
6776.416474868262 1.4668196E-15
6777.975380573083 1.4997229999999999E-15
6779.534644902113 1.4957843E-15
6781.097990617673 1.4969906E-15
6782.657973299039 1.4584037999999999E-15
6784.222039247229 1.5039775E-15
6785.782740611877 1.3776353999999999E-15
6787.347527124508 1.4860747E-15
6788.908947503534 1.5185178999999999E-15
6790.470727085269 1.4765193999999999E-15
6792.036594637226 1.3654764E-15
6793.599093730072 1.4500178E-15
6795.165682676467 1.4865098E-15
6796.728901611906 1.4302699999999999E-15
6798.296212285087 1.4334868E-15
6799.860151394747 1.5370628E-15
6801.428184127211 1.4030257E-15
6802.992843742878 1.4109719E-15
6804.557863306433 1.4170999999999999E-15
6806.126979320889 1.4991861E-15
6807.692719888216 1.5259216999999998E-15
6809.262558793676 1.4721927E-15
6810.829020696939 1.4493660999999998E-15
6812.399582826439 1.4439216999999999E-15
6813.966766397958 1.4650159E-15
6815.534310497998 1.465884E-15
6817.105957656934 1.4442896E-15
6818.674223923798 1.467974E-15
6820.246595139835 1.4516776E-15
6821.815583906225 1.3828646000000001E-15
6823.388679512936 1.4107879E-15
6824.958391111706 1.5198854E-15
6826.528463820568 1.5032052E-15
6828.102646206978 1.5080716E-15
6829.673442247591 1.5286133E-15
6831.24834985908 1.4198997500000001E-15
6832.819869564685 1.4642329E-15
6834.395502735364 1.615791E-15
6835.967746439353 1.4886818E-15
6837.540351835939 1.476611E-15
6839.1170735394035 1.456725E-15
6840.690403434551 1.49895525E-15
6842.267851532956 1.5789324E-15
6843.841906260441 1.3952848E-15
6845.420081088438 1.3413902E-15
6846.994860982189 1.3981866E-15
6848.570003151984 1.3888242E-15
6850.149268268682 1.4810465000000001E-15
6851.725136105728 1.4745003E-15
6853.305128789117 1.4859595999999999E-15
6854.881722627729 1.5310216E-15
6856.462443212997 1.4762768E-15
6858.039763387643 1.4490093E-15
6859.617446422722 1.4368683000000001E-15
6861.199259055439 1.3638413999999998E-15
6862.777668928345 1.5883273E-15
6864.360210301391 1.5326816E-15
6865.939347346976 1.4919651E-15
6867.522617796083 1.472304E-15
6869.102482349357 1.4452741E-15
6870.682710348396 1.5151989999999998E-15
6872.267074606534 1.3951598E-15
6873.848030615863 1.3484304E-15
6875.4331247898635 1.4650789E-15
6877.0148091448755 1.481699E-15
6878.600633571011 1.4387894E-15
6880.183046607256 1.4161199999999998E-15
6881.765823675541 1.5170073E-15
6883.352743675134 1.5433375E-15
6884.936249928062 1.4981442E-15
6886.523901020947 1.5213459999999999E-15
6888.108136794457 1.4990548E-15
6889.6965193174465 1.5126518000000001E-15
6891.281484947626 1.3653617E-15
6892.866815197066 1.3094089500000001E-15
6894.456295060785 1.361766E-15
6896.042355671119 1.3301946E-15
6897.632567807459 1.3667484E-15
6899.2193591151645 1.3880898E-15
6900.810303861481 1.4517592E-15
6902.39782620319 1.4425738E-15
6903.985713752326 1.5419509E-15
6905.577757609495 1.4473936E-15
6907.1663766976735 1.4653332000000001E-15
6908.759154008692 1.4388697999999999E-15
6910.348504972931 1.5587253E-15
6911.942016075703 1.4163959E-15
6913.532099253177 1.3624868E-15
6915.122548227197 1.4902429E-15
6916.717160213799 1.4516847E-15
6918.308341906907 1.3577543E-15
6919.903688530495 1.5494564E-15
6921.495603280255 1.5026387E-15
6923.091684879276 1.5461088E-15
6924.684333023406 1.3702239E-15
6926.281149936463 1.5190517E-15
6927.8745318128385 1.5085694999999999E-15
6929.4682802446205 1.3826938999999999E-15
6931.066200325341 1.43469925E-15
6932.66068299627 1.5259750999999999E-15
6934.259339238014 1.4425774E-15
6935.854556486353 1.422287E-15
6937.45394922827 1.42715645E-15
6939.04990139244 1.5426488000000001E-15
6940.646220703308 1.4684813500000001E-15
6942.24671839241 1.5573199E-15
6943.843773126828 1.5394973E-15
6945.445008164456 1.40772295E-15
6947.042798661233 1.5699313E-15
6948.644771387084 1.7580041999999998E-15
6950.243297985186 1.8030596E-15
6951.8421923222295 1.7535889E-15
6953.4452717776585 1.6238937E-15
6955.044902724566 1.5452451999999999E-15
6956.648720717941 1.5236430999999999E-15
6958.249088614067 1.4216307999999998E-15
6959.85364548563 1.4535187E-15
6961.454750670488 1.6490670000000001E-15
6963.056224187489 2.2053408E-15
6964.661889573898 2.8896086E-15
6966.26410088899 3.3994689999999998E-15
6967.870506004681 2.854867E-15
6969.473455457766 2.1093035E-15
6971.080600643533 1.6726555E-15
6972.684288574671 1.5352209E-15
6974.28834543211 1.5578135E-15
6975.896600920871 1.5906654E-15
6977.501396766543 1.4490674E-15
6979.110393177845 1.5812197E-15
6980.715928352203 1.4463719E-15
6982.325666027389 1.5848749E-15
6983.931940871041 1.608898E-15
6985.538585236109 1.9920750000000003E-15
6987.149435005321 2.4426998E-15
6988.7568195506865 2.3330147E-15
6990.368411437624 1.9763923999999997E-15
6991.976536504287 1.6264221E-15
6993.588870850843 1.6530493E-15
6995.197736779962 1.444461E-15
6996.806972826575 1.4245642999999998E-15
6998.420421061077 1.4241012E-15
7000.030398481973 1.4143845E-15
7001.644590031312 1.4077561E-15
7003.255309168043 1.5461714E-15
7004.870244374663 1.4631405E-15
7006.481705568936 1.4721066E-15
7008.09353747774 1.37745695E-15
7009.709588369123 1.4384143999999998E-15
7011.322162848122 1.4902232E-15
7012.938958253385 1.4343225500000001E-15
7014.552275644683 1.5520317E-15
7016.169815906822 1.4544048E-15
7017.783876552678 1.3730812E-15
7019.398308511062 1.51633005E-15
7021.016966257678 1.4334984E-15
7022.6321419841015 1.6325993E-15
7024.251545445572 1.5052645E-15
7025.867465282688 1.465511E-15
7027.487614802566 1.421793E-15
7029.104279093184 1.4938433E-15
7030.721315295297 1.43152485E-15
7032.342584102268 1.497214E-15
7033.9603652721935 1.5529233E-15
7035.582380996935 1.4731463E-15
7037.200907477878 1.4443991E-15
7038.823670464495 1.4001578E-15
7040.4429425998205 1.4987468E-15
7042.066453192577 1.416327E-15
7043.686471325807 1.3607390999999999E-15
7045.306862142081 1.4939536E-15
7046.93149434394 1.5213777999999999E-15
7048.552631673494 1.5964347E-15
7050.17801234264 1.570265E-15
7051.799896529393 1.4707086999999998E-15
7053.426026010641 1.4148587E-15
7055.04865739867 1.3843358999999999E-15
7056.671662070918 1.4866440999999999E-15
7058.298914970541 1.4928274999999999E-15
7059.922667360272 1.4208723000000001E-15
7061.550669934533 1.4209851E-15
7063.17517038622 1.4095191E-15
7064.803922980496 1.3965667E-15
7066.429171838771 1.4359138E-15
7068.05479458341 1.5008238999999999E-15
7069.684672408249 1.4670864E-15
7071.311044076516 1.4746996E-15
7072.941672785296 1.4162698E-15
7074.568793722218 1.4211132E-15
7076.200173660872 1.4233081E-15
7077.828044211639 1.4063050999999999E-15
7079.456289251887 1.5011708E-15
7081.088796236215 1.4169516E-15
7082.717791408181 1.5014077999999999E-15
7084.351050487703 1.4948933999999999E-15
7085.9807961369725 1.5047817999999998E-15
7087.614807658178 1.4013441999999998E-15
7089.245304130496 1.3903517E-15
7090.876175696384 1.4749859E-15
7092.511316081303 1.3843275E-15
7094.14293898895 1.3763035999999998E-15
7095.778832682269 1.4466455E-15
7097.411207277815 1.4803547E-15
7099.047854626583 1.4774635E-15
7100.6809812563315 1.4319812E-15
7102.314483584715 1.3922881E-15
7103.95226161817 1.428464E-15
7105.5865165003015 1.4728510999999999E-15
7107.225049057321 1.3931697E-15
7108.8600568399015 1.5108556E-15
7110.4993442680925 1.4161978E-15
7112.135105297984 1.4599237E-15
7113.771242632551 1.4597084000000001E-15
7115.411662569339 1.38071375E-15
7117.0485536716 1.4662368000000001E-15
7118.689729349075 1.4666716E-15
7120.32737456629 1.4602889E-15
7121.969306332622 1.4770721E-15
7123.6077060122125 1.57823515E-15
7125.2464826034975 1.6506630000000001E-15
7126.889548705278 1.9909554E-15
7128.52908028016 2.210481E-15
7130.172903341715 2.2723835000000002E-15
7131.813190248017 1.833171E-15
7133.457770618077 1.5613568E-15
7135.098813203779 1.5667E-15
7136.740233309172 1.4790223E-15
7138.38594984448 1.5318593E-15
7140.028126151336 1.5827993E-15
7141.674600867472 1.7660102999999998E-15
7143.317533724175 2.0762262E-15
7144.964766970431 2.1752367E-15
7146.608456725523 1.8739904E-15
7148.252524609282 1.6543310000000002E-15
7149.900895853537 1.463204E-15
7151.545721158591 1.5285645999999999E-15
7153.1948518066965 1.3566989E-15
7154.840434881989 1.3543337E-15
7156.490325283802 1.3746351E-15
7158.136666478437 1.4660613E-15
7159.7833864117 1.4588011E-15
7161.434416647219 1.4090694E-15
7163.081895223575 1.3937051E-15
7164.733686087941 1.4616281E-15
7166.381923656896 1.3400754E-15
7168.03447550053 1.3725907E-15
7169.683472411752 1.437559E-15
7171.336785585237 1.3846724999999998E-15
7172.986542188553 1.5421556E-15
7174.636678316208 1.4125146000000001E-15
7176.291133688035 1.4270947E-15
7177.942030032623 1.4718828999999998E-15
7179.597247611255 1.3523723999999999E-15
7181.248904523005 1.4119327E-15
7182.904884659591 1.35939665E-15
7184.557302488897 1.3929061999999999E-15
7186.210100454755 1.2709608E-15
7187.867224632165 1.4084966E-15
7189.52078404126 1.5056587E-15
7191.178671654994 1.3655824000000002E-15
7192.832992858126 1.5268323E-15
7194.491644259897 1.3711171E-15
7196.146727608023 1.4003248E-15
7197.802191705898 1.4116204E-15
7199.461988993948 1.4075864E-15
7201.118215763348 1.4410937E-15
7202.7787777192225 1.3938108E-15
7204.43576751151 1.4084731E-15
7206.09709448749 1.4339022999999999E-15
7207.754847654189 1.3412151E-15
7209.412982184826 1.4467057E-15
7211.075456895516 1.4382872E-15
7212.734355327946 1.4293637E-15
7214.397595939947 1.3468722E-15
7216.057258626098 1.3394636E-15
7217.7212654922605 1.4202294999999999E-15
7219.381692784224 1.497741E-15
7221.042502055304 1.4353587E-15
7222.707658507591 1.5033647E-15
7224.369232912714 1.3802236999999999E-15
7226.03515650179 1.414107E-15
7227.6974963934545 1.44311495E-15
7229.364187472737 1.5077799E-15
7231.027293203601 1.4371235E-15
7232.690781529754 1.4527233E-15
7234.358624049561 1.4622334E-15
7236.022878743996 1.4137556E-15
7237.691489638061 1.3925608E-15
7239.356511053846 1.6124154999999997E-15
7241.025890676158 1.31895275E-15
7242.69167916652 1.4049264E-15
7244.357850869334 1.6046198E-15
7246.028383789562 1.6360220000000001E-15
7247.69532309689 1.3512598E-15
7249.3666256308425 1.448629E-15
7251.034332896319 1.4118380999999998E-15
7252.706405398557 1.5543214000000001E-15
7254.37488097598 1.3899912000000001E-15
7256.043740384017 1.4429855E-15
7257.716968044558 1.3461153E-15
7259.386596295333 1.4877597E-15
7261.060594811063 1.2826968000000001E-15
7262.730992258782 1.6125637E-15
7264.405761984835 1.4671943E-15
7266.076928983866 1.3765967E-15
7267.74848043267 1.3815652E-15
7269.424407180413 1.4883893E-15
7271.096728712177 1.36661415E-15
7272.773427558579 1.4527494999999999E-15
7274.446519528079 1.4200929E-15
7276.123990828844 1.4335215E-15
7277.7978535910215 1.3229417E-15
7279.472101423128 1.4780606E-15
7281.150731611979 1.3685041999999999E-15
7282.825750769268 1.3074985E-15
7284.505154302251 1.5803816E-15
7286.180945140071 1.5028852E-15
7287.861122373466 1.463687E-15
7289.537685247331 1.3444532E-15
7291.214633812281 1.4719245E-15
7292.8959718031665 1.3360364E-15
7294.573692937525 1.3977634999999998E-15
7296.255805520026 1.5164506E-15
7297.934299579717 1.4181243E-15
7299.617187110686 1.387921E-15
7301.2964544517945 1.4599194E-15
7302.980117288253 1.5601147E-15
7304.660158267028 1.4517127E-15
7306.340585737024 1.4008081000000001E-15
7308.025411739015 1.3749024999999999E-15
7309.7066133811495 1.4036592E-15
7311.392215581681 1.369123E-15
7313.074191752615 1.5325049999999998E-15
7314.760570509281 1.4285587E-15
7316.44332156584 1.7474481999999998E-15
7318.126459737067 1.2957567E-15
7319.814003535572 1.3378803E-15
7321.497917127757 1.4336126E-15
7323.18623837689 1.4889186E-15
7324.870927747269 1.3490633E-15
7326.5600268052 1.3919068E-15
7328.245492311174 1.4398455E-15
7329.9313455562715 1.6649014E-15
7331.621611535374 1.3704511E-15
7333.308241452262 1.5480384E-15
7334.9992861361 1.4496358E-15
7336.686693082591 1.4429311E-15
7338.378516829913 1.3710851999999998E-15
7340.066701163984 1.3425406E-15
7341.755273862644 1.6924369999999999E-15
7343.4482664134985 1.3638597499999999E-15
7345.137617036799 1.4774955999999999E-15
7346.83138954852 1.500464E-15
7348.521518454852 1.4177593E-15
7350.216071286766 1.3730672E-15
7351.906978834684 1.40260725E-15
7353.598275373663 1.439006E-15
7355.293998894508 1.3653952E-15
7356.986074613 1.503303E-15
7358.682579352868 1.6047965999999998E-15
7360.375434609841 1.4824750999999999E-15
7362.072720928639 1.4280003E-15
7363.766356083226 1.3742582999999999E-15
7365.460380856354 1.5144024999999999E-15
7367.158839752526 1.518215E-15
7368.853644962064 1.4853823E-15
7370.552886337444 1.5367645E-15
7372.24847234294 1.4223126E-15
7373.948496558015 1.3787245E-15
7375.644863719179 1.3601039E-15
7377.34162112738 1.4194043E-15
7379.042819811316 1.3558993E-15
7380.74035891485 1.4386185E-15
7382.442341340214 1.4163696E-15
7384.140662499208 1.3425233E-15
7385.843429027068 1.46446495E-15
7387.542532601815 1.5289797999999999E-15
7389.2420270531065 1.4118423E-15
7390.945969944365 1.390342E-15
7392.646247351945 1.4157721E-15
7394.350975248886 1.5626869E-15
7396.052035973461 1.4741718000000001E-15
7397.757549237736 1.4314088E-15
7399.459393640182 1.387617E-15
7401.161629549694 1.4989876E-15
7402.868321074963 1.4769431000000001E-15
7404.571341203752 1.4712657E-15
7406.278819000998 1.3642258E-15
7407.9826237103525 1.2727690000000002E-15
7409.69088814181 1.3949688999999999E-15
7411.395477793187 1.4061777E-15
7413.100459583174 1.3391873E-15
7414.80990417628 1.4481172E-15
7416.515671450568 1.4728583E-15
7418.225903583988 1.34994545E-15
7419.932456704451 1.4905803E-15
7421.643476741004 1.4429555999999999E-15
7423.350816069681 1.4190765E-15
7425.058548169526 1.3948311E-15
7426.770750271449 1.411232E-15
7428.479269122664 1.4137533E-15
7430.192260035284 1.5399215999999999E-15
7431.901566000322 1.3020194E-15
7433.615346087044 1.4515949E-15
7435.32543952853 1.3567237E-15
7437.040009152925 1.4848541999999999E-15
7438.75089043365 1.4422936E-15
7440.462165300365 1.3915475E-15
7442.177919442377 1.4171580999999999E-15
7443.889982692613 1.5561581E-15
7445.606527281744 1.3424333E-15
7447.319379278707 1.3939006E-15
7449.036714679118 1.4098724000000001E-15
7450.750355786184 1.4038263E-15
7452.464391114134 1.4126976E-15
7454.18291294291 1.476031E-15
7455.897737926123 1.3626445E-15
7457.617051477092 1.4350686E-15
7459.332666479362 1.4628805E-15
7461.0527721172675 1.4675609E-15
7462.769177502556 1.5135603E-15
7464.485977744648 1.3413371E-15
7466.20727172475 1.4878322E-15
7467.924862895899 1.4739336E-15
7469.646949875322 1.4327223E-15
7471.365332339909 1.5125218999999998E-15
7473.088212683987 1.4899630999999999E-15
7474.807386806562 1.5403256000000001E-15
7476.526956422884 1.3667165999999999E-15
7478.251027026075 1.5500494E-15
7479.971388847304 1.5692889E-15
7481.696253729005 1.4271135E-15
7483.417408120109 1.3836487E-15
7485.143067646243 1.3659917999999998E-15
7486.86501497236 1.3395997E-15
7488.587358430195 1.3734978E-15
7490.314210135452 1.3281105999999999E-15
7492.037347076103 1.3406701E-15
7493.764994341122 1.402078E-15
7495.488925130144 1.3382794E-15
7497.217368321439 1.3938531E-15
7498.942093324558 1.4339781E-15
